Date,Close,Prediction
2009-12-11,13991.7,
2009-12-14,13303.6,
2009-12-15,12672.8,
2009-12-16,12042.1,
2009-12-17,12328.8,
2009-12-18,12902.2,
2009-12-21,13533.0,
2009-12-22,14163.8,
2009-12-23,13819.7,
2009-12-24,14393.1,
2009-12-25,15081.3,
2009-12-28,14393.1,
2009-12-29,13705.0,
2009-12-30,13762.4,
2009-12-31,13762.4,
2010-01-04,14450.5,
2010-01-05,14565.2,
2010-01-06,15253.3,
2010-01-07,15998.8,
2010-01-08,15253.3,
2010-01-11,15482.7,
2010-01-12,14737.2,
2010-01-13,15138.6,
2010-01-14,15253.3,
2010-01-15,14909.2,
2010-01-18,14163.8,
2010-01-19,13475.7,
2010-01-20,13074.2,
2010-01-21,13188.9,
2010-01-22,13188.9,
2010-01-25,13131.6,
2010-01-26,13705.0,
2010-01-27,13074.2,
2010-01-28,12672.8,
2010-01-29,12386.1,
2010-02-01,12386.1,
2010-02-02,12328.8,
2010-02-03,12615.5,
2010-02-04,12615.5,
2010-02-05,12271.4,
2010-02-08,12214.1,
2010-02-09,11927.4,
2010-02-10,12271.4,
2010-02-11,12386.1,
2010-02-12,12844.9,
2010-02-22,12902.2,
2010-02-23,12615.5,
2010-02-24,12443.5,
2010-02-25,12386.1,
2010-02-26,12500.8,
2010-03-01,12615.5,
2010-03-02,12386.1,
2010-03-03,12558.2,
2010-03-04,13074.2,
2010-03-05,12902.2,
2010-03-08,13361.0,
2010-03-09,13131.6,
2010-03-10,12615.5,
2010-03-11,12615.5,
2010-03-12,12615.5,
2010-03-15,12558.2,
2010-03-16,13131.6,
2010-03-17,12730.2,
2010-03-18,12902.2,
2010-03-19,12730.2,
2010-03-22,12500.8,
2010-03-23,12214.1,
2010-03-24,12558.2,
2010-03-25,12042.1,
2010-03-26,11927.4,
2010-03-29,11984.7,
2010-03-30,11526.0,
2010-03-31,11640.7,
2010-04-01,11927.4,
2010-04-02,11927.4,
2010-04-05,11927.4,
2010-04-06,11927.4,
2010-04-07,12042.1,
2010-04-08,11812.7,
2010-04-09,11870.0,
2010-04-12,11812.7,
2010-04-13,11755.4,
2010-04-14,11698.0,
2010-04-15,11698.0,
2010-04-16,11812.7,
2010-04-19,11583.3,
2010-04-20,11755.4,
2010-04-21,11640.7,
2010-04-22,12214.1,
2010-04-26,12787.5,
2010-04-27,13418.3,
2010-04-28,14049.1,
2010-04-29,14221.1,
2010-05-04,13647.7,
2010-05-05,13246.3,
2010-05-06,13877.1,
2010-05-07,14536.4,
2010-05-10,14686.3,
2010-05-11,14236.7,
2010-05-12,13562.4,
2010-05-13,13262.6,
2010-05-14,13637.3,
2010-05-17,13337.6,
2010-05-18,13187.7,
2010-05-19,12663.2,
2010-05-20,13187.7,
2010-05-21,12588.3,
2010-05-24,12588.3,
2010-05-25,12363.5,
2010-05-26,12363.5,
2010-05-27,12438.4,
2010-05-28,12888.0,
2010-05-31,12588.3,
2010-06-01,12438.4,
2010-06-02,12513.3,
2010-06-03,12588.3,
2010-06-04,13187.7,
2010-06-07,13412.5,
2010-06-08,13187.7,
2010-06-09,13112.8,
2010-06-10,12663.2,
2010-06-11,12663.2,
2010-06-14,12663.2,
2010-06-15,12738.1,
2010-06-16,12888.0,
2010-06-17,13435.0,
2010-06-18,13270.1,
2010-06-21,13517.4,
2010-06-22,13352.5,
2010-06-23,13352.5,
2010-06-24,13270.1,
2010-06-25,12940.4,
2010-06-28,12858.0,
2010-06-29,12775.6,
2010-06-30,12610.7,
2010-07-01,12693.2,
2010-07-02,12693.2,
2010-07-05,12363.5,
2010-07-06,12198.6,
2010-07-07,12198.6,
2010-07-08,12033.8,
2010-07-09,11868.9,
2010-07-12,12445.9,
2010-07-13,13022.9,
2010-07-14,13105.3,
2010-07-15,12693.2,
2010-07-16,12363.5,
2010-07-19,12528.3,
2010-07-20,12281.0,
2010-07-21,12363.5,
2010-07-22,12033.8,
2010-07-23,12116.2,
2010-07-26,12033.8,
2010-07-27,11951.4,
2010-07-28,11951.4,
2010-07-29,11704.1,
2010-07-30,11868.9,
2010-08-02,11868.9,
2010-08-03,11868.9,
2010-08-04,11374.4,
2010-08-05,11292.0,
2010-08-06,11127.1,
2010-08-09,10632.6,
2010-08-10,10385.3,
2010-08-11,10632.6,
2010-08-12,10138.0,
2010-08-13,10385.3,
2010-08-16,10879.9,
2010-08-17,10550.2,
2010-08-18,10302.9,
2010-08-19,10302.9,
2010-08-20,10138.0,
2010-08-23,9890.8,
2010-08-24,9396.2,
2010-08-25,8984.1,
2010-08-26,9066.5,
2010-08-27,9478.7,
2010-08-30,9890.8,
2010-08-31,10385.3,
2010-09-01,10385.3,
2010-09-06,10797.4,
2010-09-07,10550.2,
2010-09-08,10138.0,
2010-09-09,10302.9,
2010-09-10,9890.8,
2010-09-13,9725.9,
2010-09-14,9808.4,
2010-09-15,9396.2,
2010-09-16,9643.5,
2010-09-17,9973.2,
2010-09-20,9643.5,
2010-09-21,9396.2,
2010-09-22,9396.2,
2010-09-23,9313.8,
2010-09-24,9231.4,
2010-09-27,9066.5,
2010-09-28,9066.5,
2010-09-29,8901.7,
2010-09-30,8736.9,
2010-10-01,8654.4,
2010-10-04,8324.7,
2010-10-05,8736.9,
2010-10-06,9149.0,
2010-10-07,9561.1,
2010-10-08,9973.2,
2010-10-11,9643.5,
2010-10-12,10055.6,
2010-10-13,10550.2,
2010-10-14,10632.6,
2010-10-15,10879.9,
2010-10-18,10879.9,
2010-10-19,10550.2,
2010-10-20,10055.6,
2010-10-21,10220.5,
2010-10-22,10302.9,
2010-10-25,10385.3,
2010-10-26,10550.2,
2010-10-27,10220.5,
2010-10-28,10055.6,
2010-10-29,10302.9,
2010-11-01,10055.6,
2010-11-02,9973.2,
2010-11-03,9973.2,
2010-11-04,10055.6,
2010-11-05,10302.9,
2010-11-08,10138.0,
2010-11-09,9890.8,
2010-11-10,9973.2,
2010-11-11,9808.4,
2010-11-12,9478.7,
2010-11-15,9478.7,
2010-11-16,9478.7,
2010-11-17,9313.8,
2010-11-18,9478.7,
2010-11-19,9396.2,
2010-11-22,9231.4,
2010-11-23,9478.7,
2010-11-24,9231.4,
2010-11-25,9643.5,
2010-11-26,9808.4,
2010-11-29,9890.8,
2010-11-30,10385.3,
2010-12-01,10632.6,
2010-12-02,10962.3,
2010-12-03,11456.8,
2010-12-06,11951.4,
2010-12-07,11374.4,
2010-12-08,10879.9,
2010-12-09,10715.0,
2010-12-10,11209.5,
2010-12-13,11704.1,
2010-12-14,11539.2,
2010-12-15,11209.5,
2010-12-16,10879.9,
2010-12-17,11292.0,
2010-12-20,10962.3,
2010-12-21,11292.0,
2010-12-22,10962.3,
2010-12-23,10879.9,
2010-12-24,10879.9,
2010-12-27,10879.9,
2010-12-28,11044.7,
2010-12-29,11044.7,
2010-12-30,10962.3,
2010-12-31,10962.3,
2011-01-04,11044.7,
2011-01-05,10797.4,
2011-01-06,10797.4,
2011-01-07,10879.9,
2011-01-10,10962.3,
2011-01-11,10797.4,
2011-01-12,10962.3,
2011-01-13,11044.7,
2011-01-14,11127.1,
2011-01-17,11127.1,
2011-01-18,11209.5,
2011-01-19,11044.7,
2011-01-20,10962.3,
2011-01-21,10797.4,
2011-01-24,10797.4,
2011-01-25,10632.6,
2011-01-26,10715.0,
2011-01-27,10715.0,
2011-01-28,10632.6,
2011-02-08,10879.9,
2011-02-09,10715.0,
2011-02-10,10715.0,
2011-02-11,10550.2,
2011-02-14,10632.6,
2011-02-15,10467.7,
2011-02-16,10220.5,
2011-02-17,10220.5,
2011-02-18,10220.5,
2011-02-21,9725.9,
2011-02-22,9478.7,
2011-02-23,9725.9,
2011-02-24,9725.9,
2011-02-25,9808.4,
2011-02-28,9725.9,
2011-03-01,9808.4,
2011-03-02,9478.7,
2011-03-03,9313.8,
2011-03-04,9231.4,
2011-03-07,9231.4,
2011-03-08,9149.0,
2011-03-09,9149.0,
2011-03-10,9478.7,
2011-03-11,9890.8,
2011-03-14,9396.2,
2011-03-15,9396.2,
2011-03-16,9396.2,
2011-03-17,9313.8,
2011-03-18,9561.1,
2011-03-21,9725.9,
2011-03-22,9561.1,
2011-03-23,9643.5,
2011-03-24,9643.5,
2011-03-25,9643.5,
2011-03-28,9643.5,
2011-03-29,9396.2,
2011-03-30,9396.2,
2011-03-31,9478.7,
2011-04-01,9478.7,
2011-04-04,9478.7,
2011-04-05,9313.8,
2011-04-06,9561.1,
2011-04-07,9313.8,
2011-04-08,9313.8,
2011-04-13,9313.8,
2011-04-14,9231.4,
2011-04-15,9231.4,
2011-04-18,9478.7,
2011-04-19,9066.5,
2011-04-20,9066.5,
2011-04-21,9066.5,
2011-04-22,8984.1,
2011-04-25,9149.0,
2011-04-26,9066.5,
2011-04-27,8819.3,
2011-04-28,8901.7,
2011-04-29,8984.1,
2011-05-04,8819.3,
2011-05-05,8901.7,
2011-05-06,8819.3,
2011-05-09,8901.7,
2011-05-10,9066.5,
2011-05-11,8901.7,
2011-05-12,8901.7,
2011-05-13,8901.7,
2011-05-16,8736.9,
2011-05-17,8489.6,
2011-05-18,8489.6,
2011-05-19,8572.0,
2011-05-20,8736.9,
2011-05-23,8572.0,
2011-05-24,8407.2,
2011-05-25,8407.2,
2011-05-26,8572.0,
2011-05-27,8572.0,
2011-05-30,8572.0,
2011-05-31,8159.9,
2011-06-01,8489.6,
2011-06-02,8572.0,
2011-06-03,8324.7,
2011-06-06,8407.2,
2011-06-07,8407.2,
2011-06-08,8242.3,
2011-06-09,8407.2,
2011-06-10,8489.6,
2011-06-13,8489.6,
2011-06-14,8489.6,
2011-06-15,8242.3,
2011-06-16,8242.3,
2011-06-17,8159.9,
2011-06-20,8242.3,
2011-06-21,8407.2,
2011-06-22,8324.7,
2011-06-23,8324.7,
2011-06-24,8242.3,
2011-06-27,8324.7,
2011-06-28,8077.5,
2011-06-29,8077.5,
2011-06-30,7747.8,
2011-07-01,8077.5,
2011-07-04,8242.3,
2011-07-05,8242.3,
2011-07-06,7830.2,
2011-07-07,7995.0,
2011-07-08,7912.6,
2011-07-11,7912.6,
2011-07-12,8077.5,
2011-07-13,8077.5,
2011-07-14,8077.5,
2011-07-15,7830.2,
2011-07-18,7830.2,
2011-07-19,7665.4,
2011-07-20,7418.1,
2011-07-21,7582.9,
2011-07-22,7253.2,
2011-07-25,6923.5,
2011-07-26,6593.8,
2011-07-27,6593.8,
2011-07-28,6264.2,
2011-07-29,6346.6,
2011-08-01,6593.8,
2011-08-02,6841.1,
2011-08-03,6676.3,
2011-08-04,6841.1,
2011-08-05,6841.1,
2011-08-08,6511.4,
2011-08-09,6264.2,
2011-08-10,6511.4,
2011-08-11,6264.2,
2011-08-12,6181.7,
2011-08-15,6346.6,
2011-08-16,6346.6,
2011-08-17,6429.0,
2011-08-18,6429.0,
2011-08-19,6429.0,
2011-08-22,6511.4,
2011-08-23,6429.0,
2011-08-24,6429.0,
2011-08-25,6346.6,
2011-08-26,6346.6,
2011-08-29,6511.4,
2011-08-30,6593.8,
2011-08-31,6758.7,
2011-09-01,7088.4,
2011-09-05,7418.1,
2011-09-06,7253.2,
2011-09-07,7582.9,
2011-09-08,7582.9,
2011-09-09,7253.2,
2011-09-12,7088.4,
2011-09-13,7253.2,
2011-09-14,7006.0,
2011-09-15,7088.4,
2011-09-16,6758.7,
2011-09-19,7088.4,
2011-09-20,6758.7,
2011-09-21,6676.3,
2011-09-22,6841.1,
2011-09-23,6841.1,
2011-09-26,6841.1,
2011-09-27,6923.5,
2011-09-28,6923.5,
2011-09-29,6923.5,
2011-09-30,7006.0,
2011-10-03,7088.4,
2011-10-04,7170.8,
2011-10-05,6841.1,
2011-10-06,7021.1,
2011-10-07,7201.2,
2011-10-10,6841.1,
2011-10-11,7111.2,
2011-10-12,7201.2,
2011-10-13,7021.1,
2011-10-14,7021.1,
2011-10-17,7021.1,
2011-10-18,6841.1,
2011-10-19,6571.1,
2011-10-20,6841.1,
2011-10-21,6931.1,
2011-10-24,6931.1,
2011-10-25,6841.1,
2011-10-26,6841.1,
2011-10-27,6571.1,
2011-10-28,6751.1,
2011-10-31,6481.1,
2011-11-01,6481.1,
2011-11-02,6571.1,
2011-11-03,6571.1,
2011-11-04,6571.1,
2011-11-07,6571.1,
2011-11-08,6391.0,
2011-11-09,6391.0,
2011-11-10,6391.0,
2011-11-11,6121.0,
2011-11-14,5851.0,
2011-11-15,5580.9,
2011-11-16,5400.9,
2011-11-17,5130.8,
2011-11-18,4950.8,
2011-11-21,4770.8,
2011-11-22,4680.8,
2011-11-23,4770.8,
2011-11-24,4590.7,
2011-11-25,4770.8,
2011-11-28,4590.7,
2011-11-29,4410.7,
2011-11-30,4230.7,
2011-12-01,4050.7,
2011-12-02,4230.7,
2011-12-05,4410.7,
2011-12-06,4590.7,
2011-12-07,4770.8,
2011-12-08,4950.8,
2011-12-09,5130.8,
2011-12-12,4950.8,
2011-12-13,4770.8,
2011-12-14,4590.7,
2011-12-15,4410.7,
2011-12-16,4500.7,
2011-12-19,4590.7,
2011-12-20,4410.7,
2011-12-21,4590.7,
2011-12-22,4410.7,
2011-12-23,4230.7,
2011-12-26,4230.7,
2011-12-27,4050.7,
2011-12-28,4140.7,
2011-12-29,3960.6,
2011-12-30,3960.6,
2012-01-03,4050.7,
2012-01-04,3870.6,
2012-01-05,3960.6,
2012-01-06,3960.6,
2012-01-09,3960.6,
2012-01-10,4140.7,
2012-01-11,4230.7,
2012-01-12,4410.7,
2012-01-13,4590.7,
2012-01-16,4770.8,
2012-01-17,4590.7,
2012-01-18,4410.7,
2012-01-19,4590.7,
2012-01-20,4770.8,
2012-01-30,4950.8,
2012-01-31,4770.8,
2012-02-01,4770.8,
2012-02-02,4950.8,
2012-02-03,5040.8,
2012-02-06,4950.8,
2012-02-07,4770.8,
2012-02-08,4950.8,
2012-02-09,4950.8,
2012-02-10,4770.8,
2012-02-13,4590.7,
2012-02-14,4770.8,
2012-02-15,4590.7,
2012-02-16,4680.8,
2012-02-17,4770.8,
2012-02-20,4950.8,
2012-02-21,4770.8,
2012-02-22,4950.8,
2012-02-23,5130.8,
2012-02-24,5220.9,
2012-02-27,5400.9,
2012-02-28,5490.9,
2012-02-29,5580.9,
2012-03-01,5580.9,
2012-03-02,5851.0,
2012-03-05,6121.0,
2012-03-06,6391.0,
2012-03-07,6661.1,
2012-03-08,6931.1,
2012-03-09,6661.1,
2012-03-12,6391.0,
2012-03-13,6391.0,
2012-03-14,6121.0,
2012-03-15,6391.0,
2012-03-16,6661.1,
2012-03-19,6931.1,
2012-03-20,7201.2,
2012-03-21,7561.2,
2012-03-22,7921.3,
2012-03-23,8281.4,
2012-03-26,8641.4,
2012-03-27,8821.4,
2012-03-28,8731.4,
2012-03-29,8371.4,
2012-03-30,8011.3,
2012-04-03,8371.4,
2012-04-04,8011.3,
2012-04-05,8191.3,
2012-04-06,8191.3,
2012-04-09,8281.4,
2012-04-10,8371.4,
2012-04-11,8461.4,
2012-04-12,8461.4,
2012-04-13,8371.4,
2012-04-16,8731.4,
2012-04-17,9091.5,
2012-04-18,9361.5,
2012-04-19,8911.5,
2012-04-20,8551.4,
2012-04-23,8371.4,
2012-04-24,8461.4,
2012-04-25,8821.4,
2012-04-26,8461.4,
2012-04-27,8281.4,
2012-05-02,8281.4,
2012-05-03,8101.3,
2012-05-04,8461.4,
2012-05-07,8821.4,
2012-05-08,9181.5,
2012-05-09,9181.5,
2012-05-10,9001.5,
2012-05-11,8551.4,
2012-05-14,8191.3,
2012-05-15,7921.3,
2012-05-16,8101.3,
2012-05-17,7921.3,
2012-05-18,7561.2,
2012-05-21,7921.3,
2012-05-22,7921.3,
2012-05-23,7561.2,
2012-05-24,7201.2,
2012-05-25,7561.2,
2012-05-28,7921.3,
2012-05-29,7651.2,
2012-05-30,7471.2,
2012-05-31,7201.2,
2012-06-01,7201.2,
2012-06-04,6841.1,
2012-06-05,7111.2,
2012-06-06,7291.2,
2012-06-07,7651.2,
2012-06-08,7561.2,
2012-06-11,7651.2,
2012-06-12,7291.2,
2012-06-13,7381.2,
2012-06-14,7291.2,
2012-06-15,7471.2,
2012-06-18,7561.2,
2012-06-19,7201.2,
2012-06-20,7381.2,
2012-06-21,7201.2,
2012-06-22,7201.2,
2012-06-25,6931.1,
2012-06-26,6661.1,
2012-06-27,6661.1,
2012-06-28,6481.1,
2012-06-29,6391.0,
2012-07-02,6391.0,
2012-07-03,6121.0,
2012-07-04,5851.0,
2012-07-05,6121.0,
2012-07-06,6121.0,
2012-07-09,5851.0,
2012-07-10,5851.0,
2012-07-11,5941.0,
2012-07-12,6211.0,
2012-07-13,6481.1,
2012-07-16,6571.1,
2012-07-17,6751.1,
2012-07-18,6661.1,
2012-07-19,6751.1,
2012-07-20,6661.1,
2012-07-23,6391.0,
2012-07-24,6391.0,
2012-07-25,6211.0,
2012-07-26,6481.1,
2012-07-27,6301.0,
2012-07-30,6571.1,
2012-07-31,6481.1,
2012-08-01,6301.0,
2012-08-02,6211.0,
2012-08-03,6121.0,
2012-08-06,6391.0,
2012-08-07,6391.0,
2012-08-08,6481.1,
2012-08-09,6571.1,
2012-08-10,6391.0,
2012-08-13,6301.0,
2012-08-14,6391.0,
2012-08-15,6481.1,
2012-08-16,6391.0,
2012-08-17,6481.1,
2012-08-20,6481.1,
2012-08-21,6211.0,
2012-08-22,5941.0,
2012-08-23,5670.9,
2012-08-24,5760.9,
2012-08-27,5490.9,
2012-08-28,5400.9,
2012-08-29,5580.9,
2012-08-30,5670.9,
2012-08-31,5400.9,
2012-09-04,5310.9,
2012-09-05,5220.9,
2012-09-06,5220.9,
2012-09-07,5220.9,
2012-09-10,5040.8,
2012-09-11,4950.8,
2012-09-12,5130.8,
2012-09-13,5220.9,
2012-09-14,5400.9,
2012-09-17,5400.9,
2012-09-18,5130.8,
2012-09-19,4950.8,
2012-09-20,4770.8,
2012-09-21,4860.8,
2012-09-24,4860.8,
2012-09-25,4770.8,
2012-09-26,4860.8,
2012-09-27,4680.8,
2012-09-28,4680.8,
2012-10-01,4500.7,
2012-10-02,4500.7,
2012-10-03,4680.8,
2012-10-04,4500.7,
2012-10-05,4410.7,
2012-10-08,4590.7,
2012-10-09,4680.8,
2012-10-10,4680.8,
2012-10-11,4590.7,
2012-10-12,4770.8,
2012-10-15,4680.8,
2012-10-16,4860.8,
2012-10-17,4770.8,
2012-10-18,4770.8,
2012-10-19,4590.7,
2012-10-22,4500.7,
2012-10-23,4590.7,
2012-10-24,4500.7,
2012-10-25,4320.7,
2012-10-26,4500.7,
2012-10-29,4590.7,
2012-10-30,4590.7,
2012-10-31,4590.7,
2012-11-01,4590.7,
2012-11-02,4410.7,
2012-11-05,4230.7,
2012-11-06,4230.7,
2012-11-07,4410.7,
2012-11-08,4410.7,
2012-11-09,4410.7,
2012-11-12,4410.7,
2012-11-13,4500.7,
2012-11-14,4500.7,
2012-11-15,4500.7,
2012-11-16,4410.7,
2012-11-19,4320.7,
2012-11-20,4320.7,
2012-11-21,4320.7,
2012-11-22,4410.7,
2012-11-23,4410.7,
2012-11-26,4410.7,
2012-11-27,4410.7,
2012-11-28,4410.7,
2012-11-29,4320.7,
2012-11-30,4320.7,
2012-12-03,4320.7,
2012-12-04,4410.7,
2012-12-05,4410.7,
2012-12-06,4500.7,
2012-12-07,4410.7,
2012-12-10,4590.7,
2012-12-11,4590.7,
2012-12-12,4590.7,
2012-12-13,4500.7,
2012-12-14,4500.7,
2012-12-17,4590.7,
2012-12-18,4590.7,
2012-12-19,4590.7,
2012-12-20,4590.7,
2012-12-21,4590.7,
2012-12-24,4770.8,
2012-12-25,4860.8,
2012-12-26,4860.8,
2012-12-27,4950.8,
2012-12-28,4950.8,
2013-01-02,5130.8,
2013-01-03,5220.9,
2013-01-04,5310.9,
2013-01-07,5400.9,
2013-01-08,5400.9,
2013-01-09,5400.9,
2013-01-10,5310.9,
2013-01-11,5220.9,
2013-01-14,5310.9,
2013-01-15,5490.9,
2013-01-16,5760.9,
2013-01-17,5490.9,
2013-01-18,5400.9,
2013-01-21,5220.9,
2013-01-22,4950.8,
2013-01-23,4950.8,
2013-01-24,5220.9,
2013-01-25,5310.9,
2013-01-28,5490.9,
2013-01-29,5220.9,
2013-01-30,5310.9,
2013-01-31,5220.9,
2013-02-01,5220.9,
2013-02-04,5310.9,
2013-02-05,5310.9,
2013-02-06,5400.9,
2013-02-07,5310.9,
2013-02-08,5490.9,
2013-02-18,5580.9,
2013-02-19,5580.9,
2013-02-20,5670.9,
2013-02-21,5310.9,
2013-02-22,5400.9,
2013-02-25,5310.9,
2013-02-26,5040.8,
2013-02-27,5130.8,
2013-02-28,5040.8,
2013-03-01,5220.9,
2013-03-04,4950.8,
2013-03-05,4950.8,
2013-03-06,5040.8,
2013-03-07,4950.8,
2013-03-08,5040.8,
2013-03-11,5220.9,
2013-03-12,5220.9,
2013-03-13,5040.8,
2013-03-14,5130.8,
2013-03-15,5040.8,
2013-03-18,5040.8,
2013-03-19,4950.8,
2013-03-20,5040.8,
2013-03-21,4950.8,
2013-03-22,4950.8,
2013-03-25,4950.8,
2013-03-26,4950.8,
2013-03-27,4860.8,
2013-03-28,4860.8,
2013-03-29,4680.8,
2013-04-01,4860.8,
2013-04-02,4860.8,
2013-04-03,4860.8,
2013-04-04,4680.8,
2013-04-05,4680.8,
2013-04-08,4860.8,
2013-04-09,4860.8,
2013-04-10,4770.8,
2013-04-11,4680.8,
2013-04-12,4680.8,
2013-04-15,4590.7,
2013-04-16,4590.7,
2013-04-17,4500.7,
2013-04-18,4500.7,
2013-04-22,4410.7,
2013-04-23,4230.7,
2013-04-24,4410.7,
2013-04-25,4230.7,
2013-04-26,4230.7,
2013-05-02,4230.7,
2013-05-03,4410.7,
2013-05-06,4590.7,
2013-05-07,4410.7,
2013-05-08,4410.7,
2013-05-09,4500.7,
2013-05-10,4410.7,
2013-05-13,4410.7,
2013-05-14,4410.7,
2013-05-15,4410.7,
2013-05-16,4410.7,
2013-05-17,4500.7,
2013-05-20,4590.7,
2013-05-21,4500.7,
2013-05-22,4500.7,
2013-05-23,4500.7,
2013-05-24,4590.7,
2013-05-27,4680.8,
2013-05-28,4770.8,
2013-05-29,4860.8,
2013-05-30,4950.8,
2013-05-31,4860.8,
2013-06-03,4860.8,
2013-06-04,4680.8,
2013-06-05,4680.8,
2013-06-06,4680.8,
2013-06-07,4770.8,
2013-06-10,4680.8,
2013-06-11,4680.8,
2013-06-12,4680.8,
2013-06-13,4860.8,
2013-06-14,5130.8,
2013-06-17,4860.8,
2013-06-18,4680.8,
2013-06-19,4860.8,
2013-06-20,4590.7,
2013-06-21,4590.7,
2013-06-24,4680.8,
2013-06-25,4500.7,
2013-06-26,4590.7,
2013-06-27,4770.8,
2013-06-28,4590.7,
2013-07-01,4590.7,
2013-07-02,4590.7,
2013-07-03,4680.8,
2013-07-04,4680.8,
2013-07-05,4590.7,
2013-07-08,4680.8,
2013-07-09,4590.7,
2013-07-10,4680.8,
2013-07-11,4680.8,
2013-07-12,4770.8,
2013-07-15,4590.7,
2013-07-16,4680.8,
2013-07-17,4590.7,
2013-07-18,4500.7,
2013-07-19,4500.7,
2013-07-22,4500.7,
2013-07-23,4500.7,
2013-07-24,4410.7,
2013-07-25,4320.7,
2013-07-26,4320.7,
2013-07-29,4140.7,
2013-07-30,4230.7,
2013-07-31,4230.7,
2013-08-01,4230.7,
2013-08-02,4230.7,
2013-08-05,4140.7,
2013-08-06,4230.7,
2013-08-07,4230.7,
2013-08-08,4230.7,
2013-08-09,4320.7,
2013-08-12,4320.7,
2013-08-13,4230.7,
2013-08-14,4230.7,
2013-08-15,4320.7,
2013-08-16,4230.7,
2013-08-19,4320.7,
2013-08-20,4320.7,
2013-08-21,4230.7,
2013-08-22,4140.7,
2013-08-23,4140.7,
2013-08-26,4230.7,
2013-08-27,4140.7,
2013-08-28,4050.7,
2013-08-29,4050.7,
2013-08-30,4050.7,
2013-09-03,3960.6,
2013-09-04,4050.7,
2013-09-05,4050.7,
2013-09-06,4050.7,
2013-09-09,3780.6,
2013-09-10,3870.6,
2013-09-11,3870.6,
2013-09-12,3960.6,
2013-09-13,3870.6,
2013-09-16,3870.6,
2013-09-17,3960.6,
2013-09-18,3870.6,
2013-09-19,4050.7,
2013-09-20,4050.7,
2013-09-23,4050.7,
2013-09-24,4050.7,
2013-09-25,4050.7,
2013-09-26,3870.6,
2013-09-27,4050.7,
2013-09-30,4050.7,
2013-10-01,3960.6,
2013-10-02,4050.7,
2013-10-03,4050.7,
2013-10-04,4050.7,
2013-10-07,4050.7,
2013-10-08,3780.6,
2013-10-09,3870.6,
2013-10-10,3870.6,
2013-10-11,3780.6,
2013-10-14,3870.6,
2013-10-15,3960.6,
2013-10-16,3960.6,
2013-10-17,3870.6,
2013-10-18,3960.6,
2013-10-21,4140.7,
2013-10-22,3960.6,
2013-10-23,3960.6,
2013-10-24,3960.6,
2013-10-25,3960.6,
2013-10-28,3960.6,
2013-10-29,3960.6,
2013-10-30,3960.6,
2013-10-31,3870.6,
2013-11-01,3960.6,
2013-11-04,4050.7,
2013-11-05,4140.7,
2013-11-06,4140.7,
2013-11-07,4140.7,
2013-11-08,4050.7,
2013-11-11,4140.7,
2013-11-12,4320.7,
2013-11-13,4230.7,
2013-11-14,4230.7,
2013-11-15,4230.7,
2013-11-18,4320.7,
2013-11-19,4320.7,
2013-11-20,4410.7,
2013-11-21,4410.7,
2013-11-22,4500.7,
2013-11-25,4590.7,
2013-11-26,4500.7,
2013-11-27,4500.7,
2013-11-28,4500.7,
2013-11-29,4320.7,
2013-12-02,4410.7,
2013-12-03,4500.7,
2013-12-04,4590.7,
2013-12-05,4680.8,
2013-12-06,4680.8,
2013-12-09,4500.7,
2013-12-10,4500.7,
2013-12-11,4320.7,
2013-12-12,4500.7,
2013-12-13,4500.7,
2013-12-16,4500.7,
2013-12-17,4500.7,
2013-12-18,4320.7,
2013-12-19,4500.7,
2013-12-20,4410.7,
2013-12-23,4410.7,
2013-12-24,4500.7,
2013-12-25,4410.7,
2013-12-26,4410.7,
2013-12-27,4320.7,
2013-12-30,4230.7,
2013-12-31,4320.7,
2014-01-02,4320.7,
2014-01-03,4320.7,
2014-01-06,4320.7,
2014-01-07,4410.7,
2014-01-08,4500.7,
2014-01-09,4770.8,
2014-01-10,4590.7,
2014-01-13,4590.7,
2014-01-14,4410.7,
2014-01-15,4410.7,
2014-01-16,4320.7,
2014-01-17,4320.7,
2014-01-20,4230.7,
2014-01-21,4320.7,
2014-01-22,4320.7,
2014-01-23,4320.7,
2014-01-24,4320.7,
2014-01-27,4230.7,
2014-02-06,4320.7,
2014-02-07,4320.7,
2014-02-10,4410.7,
2014-02-11,4230.7,
2014-02-12,4410.7,
2014-02-13,4500.7,
2014-02-14,4590.7,
2014-02-17,4590.7,
2014-02-18,4680.8,
2014-02-19,4590.7,
2014-02-20,4500.7,
2014-02-21,4410.7,
2014-02-24,4500.7,
2014-02-25,4500.7,
2014-02-26,4500.7,
2014-02-27,4500.7,
2014-02-28,4590.7,
2014-03-03,4500.7,
2014-03-04,4500.7,
2014-03-05,4680.8,
2014-03-06,4590.7,
2014-03-07,4860.8,
2014-03-10,5130.8,
2014-03-11,5400.9,
2014-03-12,5760.9,
2014-03-13,6121.0,
2014-03-14,6481.1,
2014-03-17,6931.1,
2014-03-18,7201.2,
2014-03-19,7111.2,
2014-03-20,7021.1,
2014-03-21,7471.2,
2014-03-24,7921.3,
2014-03-25,8371.4,
2014-03-26,7831.3,
2014-03-27,7831.3,
2014-03-28,8011.3,
2014-03-31,7921.3,
2014-04-01,7471.2,
2014-04-02,7111.2,
2014-04-03,7561.2,
2014-04-04,7471.2,
2014-04-07,7831.3,
2014-04-08,7741.3,
2014-04-10,7741.3,
2014-04-11,7651.2,
2014-04-14,7921.3,
2014-04-15,7741.3,
2014-04-16,7201.2,
2014-04-17,7651.2,
2014-04-18,7471.2,
2014-04-21,7111.2,
2014-04-22,7471.2,
2014-04-23,7021.1,
2014-04-24,6931.1,
2014-04-25,7021.1,
2014-04-28,6571.1,
2014-04-29,6391.0,
2014-05-05,6031.0,
2014-05-06,5760.9,
2014-05-07,6121.0,
2014-05-08,5760.9,
2014-05-09,5941.0,
2014-05-12,5580.9,
2014-05-13,5220.9,
2014-05-14,5490.9,
2014-05-15,5130.8,
2014-05-16,5400.9,
2014-05-19,5760.9,
2014-05-20,6121.0,
2014-05-21,6301.0,
2014-05-22,6031.0,
2014-05-23,5941.0,
2014-05-26,6301.0,
2014-05-27,6571.1,
2014-05-28,6647.0,
2014-05-29,6362.2,
2014-05-30,6267.2,
2014-06-02,5982.3,
2014-06-03,6172.3,
2014-06-04,5982.3,
2014-06-05,6077.3,
2014-06-06,6457.1,
2014-06-09,6837.0,
2014-06-10,6362.2,
2014-06-11,6647.0,
2014-06-12,6552.1,
2014-06-13,6457.1,
2014-06-16,6552.1,
2014-06-17,6742.0,
2014-06-18,6647.0,
2014-06-19,6457.1,
2014-06-20,6457.1,
2014-06-23,6457.1,
2014-06-24,6552.1,
2014-06-25,6742.0,
2014-06-26,6647.0,
2014-06-27,6647.0,
2014-06-30,6647.0,
2014-07-01,7026.9,
2014-07-02,7121.8,
2014-07-03,7311.7,
2014-07-04,7311.7,
2014-07-07,7406.7,
2014-07-08,7406.7,
2014-07-09,7311.7,
2014-07-10,7026.9,
2014-07-11,7121.8,
2014-07-14,7216.8,
2014-07-15,7216.8,
2014-07-16,6837.0,
2014-07-17,6837.0,
2014-07-18,7026.9,
2014-07-21,6742.0,
2014-07-22,6647.0,
2014-07-23,6742.0,
2014-07-24,6742.0,
2014-07-25,6692.8,
2014-07-28,6397.5,
2014-07-29,6397.5,
2014-07-30,6299.1,
2014-07-31,6397.5,
2014-08-01,6397.5,
2014-08-04,6495.9,
2014-08-05,6594.4,
2014-08-06,6495.9,
2014-08-07,6495.9,
2014-08-08,6692.8,
2014-08-11,6692.8,
2014-08-12,6495.9,
2014-08-13,6692.8,
2014-08-14,6594.4,
2014-08-15,6495.9,
2014-08-18,6692.8,
2014-08-19,6594.4,
2014-08-20,6692.8,
2014-08-21,6692.8,
2014-08-22,6692.8,
2014-08-25,6889.6,
2014-08-26,6791.2,
2014-08-27,6791.2,
2014-08-28,6889.6,
2014-08-29,6988.1,
2014-09-03,7283.3,
2014-09-04,7086.5,
2014-09-05,7184.9,
2014-09-08,7184.9,
2014-09-09,6889.6,
2014-09-10,7086.5,
2014-09-11,7381.7,
2014-09-12,7480.2,
2014-09-15,7283.3,
2014-09-16,7480.2,
2014-09-17,7972.3,
2014-09-18,7480.2,
2014-09-19,7578.6,
2014-09-22,7184.9,
2014-09-23,7283.3,
2014-09-24,7283.3,
2014-09-25,7381.7,
2014-09-26,7184.9,
2014-09-29,7283.3,
2014-09-30,7381.7,
2014-10-01,7480.2,
2014-10-02,7578.6,
2014-10-03,7381.7,
2014-10-06,7381.7,
2014-10-07,7480.2,
2014-10-08,7480.2,
2014-10-09,7578.6,
2014-10-10,7578.6,
2014-10-13,7578.6,
2014-10-14,7283.3,
2014-10-15,7283.3,
2014-10-16,6791.2,
2014-10-17,6692.8,
2014-10-20,6692.8,
2014-10-21,6692.8,
2014-10-22,6791.2,
2014-10-23,6594.4,
2014-10-24,6495.9,
2014-10-27,6200.7,
2014-10-28,6397.5,
2014-10-29,6594.4,
2014-10-30,6397.5,
2014-10-31,6594.4,
2014-11-03,6594.4,
2014-11-04,6594.4,
2014-11-05,6495.9,
2014-11-06,6495.9,
2014-11-07,6594.4,
2014-11-10,6594.4,
2014-11-11,6594.4,
2014-11-12,6692.8,
2014-11-13,6692.8,
2014-11-14,6692.8,
2014-11-17,6692.8,
2014-11-18,6594.4,
2014-11-19,6594.4,
2014-11-20,6594.4,
2014-11-21,6594.4,
2014-11-24,6397.5,
2014-11-25,6397.5,
2014-11-26,6299.1,
2014-11-27,6495.9,
2014-11-28,6594.4,
2014-12-01,6397.5,
2014-12-02,6495.9,
2014-12-03,6495.9,
2014-12-04,6495.9,
2014-12-05,6594.4,
2014-12-08,6397.5,
2014-12-09,6200.7,
2014-12-10,6397.5,
2014-12-11,6200.7,
2014-12-12,6299.1,
2014-12-15,6397.5,
2014-12-16,6200.7,
2014-12-17,6003.8,
2014-12-18,6200.7,
2014-12-19,5905.4,
2014-12-22,6003.8,
2014-12-23,6003.8,
2014-12-24,6003.8,
2014-12-25,5905.4,
2014-12-26,5905.4,
2014-12-29,5610.1,
2014-12-30,5807.0,
2014-12-31,6003.8,
2015-01-05,6102.2,
2015-01-06,6102.2,
2015-01-07,6200.7,
2015-01-08,6200.7,
2015-01-09,6299.1,
2015-01-12,6200.7,
2015-01-13,6200.7,
2015-01-14,6299.1,
2015-01-15,6299.1,
2015-01-16,6200.7,
2015-01-19,6594.4,
2015-01-20,6495.9,
2015-01-21,6299.1,
2015-01-22,6397.5,
2015-01-23,6397.5,
2015-01-26,6495.9,
2015-01-27,6397.5,
2015-01-28,6299.1,
2015-01-29,6299.1,
2015-01-30,6200.7,
2015-02-02,6102.2,
2015-02-03,5905.4,
2015-02-04,5905.4,
2015-02-05,5905.4,
2015-02-06,5905.4,
2015-02-09,5905.4,
2015-02-10,6003.8,
2015-02-11,6102.2,
2015-02-12,6102.2,
2015-02-13,6003.8,
2015-02-24,6200.7,
2015-02-25,6200.7,
2015-02-26,6102.2,
2015-02-27,6003.8,
2015-03-02,6003.8,
2015-03-03,6003.8,
2015-03-04,6397.5,
2015-03-05,6299.1,
2015-03-06,6299.1,
2015-03-09,6102.2,
2015-03-10,6200.7,
2015-03-11,6200.7,
2015-03-12,6200.7,
2015-03-13,6200.7,
2015-03-16,6102.2,
2015-03-17,6102.2,
2015-03-18,6102.2,
2015-03-19,6003.8,
2015-03-20,6003.8,
2015-03-23,6003.8,
2015-03-24,5905.4,
2015-03-25,5708.6,
2015-03-26,5708.6,
2015-03-27,5708.6,
2015-03-30,5511.7,
2015-03-31,5610.1,
2015-04-01,5413.3,
2015-04-02,5708.6,
2015-04-03,5610.1,
2015-04-06,5511.7,
2015-04-07,5708.6,
2015-04-08,5610.1,
2015-04-09,5610.1,
2015-04-10,5708.6,
2015-04-13,5708.6,
2015-04-14,5610.1,
2015-04-15,5511.7,
2015-04-16,5807.0,
2015-04-17,5905.4,
2015-04-20,5708.6,
2015-04-21,5807.0,
2015-04-22,5807.0,
2015-04-23,5807.0,
2015-04-24,5708.6,
2015-04-27,5708.6,
2015-05-04,5314.9,
2015-05-05,5413.3,
2015-05-06,5216.4,
2015-05-07,5216.4,
2015-05-08,5413.3,
2015-05-11,5413.3,
2015-05-12,5216.4,
2015-05-13,5118.0,
2015-05-14,5118.0,
2015-05-15,5019.6,
2015-05-18,4921.2,
2015-05-19,4921.2,
2015-05-20,5216.4,
2015-05-21,5413.3,
2015-05-22,5511.7,
2015-05-25,5413.3,
2015-05-26,5511.7,
2015-05-27,5413.3,
2015-05-28,5610.1,
2015-05-29,5610.1,
2015-06-01,5511.7,
2015-06-02,5413.3,
2015-06-03,5413.3,
2015-06-04,5511.7,
2015-06-05,5610.1,
2015-06-08,5807.0,
2015-06-09,5610.1,
2015-06-10,5708.6,
2015-06-11,5708.6,
2015-06-12,6102.2,
2015-06-15,6495.9,
2015-06-16,6397.5,
2015-06-17,6299.1,
2015-06-18,6692.8,
2015-06-19,6495.9,
2015-06-22,6200.7,
2015-06-23,6200.7,
2015-06-24,6200.7,
2015-06-25,6299.1,
2015-06-26,6397.5,
2015-06-29,6495.9,
2015-06-30,6102.2,
2015-07-01,5905.4,
2015-07-02,6102.2,
2015-07-03,5807.0,
2015-07-06,5807.0,
2015-07-07,5807.0,
2015-07-08,5807.0,
2015-07-09,5807.0,
2015-07-10,5807.0,
2015-07-13,5807.0,
2015-07-14,5708.6,
2015-07-15,5610.1,
2015-07-16,5610.1,
2015-07-17,5708.6,
2015-07-20,5610.1,
2015-07-21,5511.7,
2015-07-22,5610.1,
2015-07-23,5610.1,
2015-07-24,5610.1,
2015-07-27,5511.7,
2015-07-28,5413.3,
2015-07-29,5511.7,
2015-07-30,5511.7,
2015-07-31,5413.3,
2015-08-03,5314.9,
2015-08-04,5413.3,
2015-08-05,5511.7,
2015-08-06,5610.1,
2015-08-07,5413.3,
2015-08-10,5413.3,
2015-08-11,5413.3,
2015-08-12,5314.9,
2015-08-13,5118.0,
2015-08-14,5019.6,
2015-08-17,5019.6,
2015-08-18,5118.0,
2015-08-19,5118.0,
2015-08-20,5118.0,
2015-08-21,4921.2,
2015-08-24,4625.9,
2015-08-25,4429.0,
2015-08-26,4724.3,
2015-08-27,4921.2,
2015-08-28,4724.3,
2015-08-31,4822.7,
2015-09-01,4822.7,
2015-09-03,4724.3,
2015-09-04,4724.3,
2015-09-07,4625.9,
2015-09-08,4724.3,
2015-09-09,4625.9,
2015-09-10,4429.0,
2015-09-11,4429.0,
2015-09-14,4232.2,
2015-09-15,4133.8,
2015-09-16,4133.8,
2015-09-17,3936.9,
2015-09-18,4133.8,
2015-09-21,4330.6,
2015-09-22,4232.2,
2015-09-23,4232.2,
2015-09-24,4232.2,
2015-09-25,4133.8,
2015-09-28,4035.4,
2015-09-29,4035.4,
2015-09-30,4035.4,
2015-10-01,4035.4,
2015-10-02,4035.4,
2015-10-05,4035.4,
2015-10-06,4232.2,
2015-10-07,4133.8,
2015-10-08,4133.8,
2015-10-09,4133.8,
2015-10-12,4330.6,
2015-10-13,4232.2,
2015-10-14,4232.2,
2015-10-15,4232.2,
2015-10-16,4035.4,
2015-10-19,4035.4,
2015-10-20,4035.4,
2015-10-21,4035.4,
2015-10-22,4035.4,
2015-10-23,4035.4,
2015-10-26,3936.9,
2015-10-27,3936.9,
2015-10-28,3936.9,
2015-10-29,4035.4,
2015-10-30,3936.9,
2015-11-02,3936.9,
2015-11-03,3936.9,
2015-11-04,3936.9,
2015-11-05,3838.5,
2015-11-06,3936.9,
2015-11-09,3838.5,
2015-11-10,3838.5,
2015-11-11,3838.5,
2015-11-12,3936.9,
2015-11-13,3740.1,
2015-11-16,3838.5,
2015-11-17,3838.5,
2015-11-18,3740.1,
2015-11-19,3838.5,
2015-11-20,3740.1,
2015-11-23,3936.9,
2015-11-24,3740.1,
2015-11-25,3936.9,
2015-11-26,3838.5,
2015-11-27,3740.1,
2015-11-30,3740.1,
2015-12-01,3740.1,
2015-12-02,3740.1,
2015-12-03,3740.1,
2015-12-04,3641.7,
2015-12-07,3740.1,
2015-12-08,3740.1,
2015-12-09,3641.7,
2015-12-10,3641.7,
2015-12-11,3641.7,
2015-12-14,3444.8,
2015-12-15,3543.2,
2015-12-16,3543.2,
2015-12-17,3543.2,
2015-12-18,3444.8,
2015-12-21,3444.8,
2015-12-22,3543.2,
2015-12-23,3346.4,
2015-12-24,3444.8,
2015-12-25,3444.8,
2015-12-28,3346.4,
2015-12-29,3346.4,
2015-12-30,3346.4,
2015-12-31,3346.4,
2016-01-04,3346.4,
2016-01-05,3346.4,
2016-01-06,3248.0,
2016-01-07,3149.5,
2016-01-08,2952.7,
2016-01-11,2854.3,
2016-01-12,2952.7,
2016-01-13,2952.7,
2016-01-14,2854.3,
2016-01-15,2755.9,
2016-01-18,2657.4,
2016-01-19,2657.4,
2016-01-20,2559.0,
2016-01-21,2559.0,
2016-01-22,2460.6,
2016-01-25,2559.0,
2016-01-26,2657.4,
2016-01-27,2755.9,
2016-01-28,2854.3,
2016-01-29,2952.7,
2016-02-01,2952.7,
2016-02-02,2755.9,
2016-02-03,2854.3,
2016-02-04,2755.9,
2016-02-05,2854.3,
2016-02-15,2854.3,
2016-02-16,2854.3,
2016-02-17,2854.3,
2016-02-18,2854.3,
2016-02-19,2854.3,
2016-02-22,2952.7,
2016-02-23,2854.3,
2016-02-24,2854.3,
2016-02-25,2952.7,
2016-02-26,2854.3,
2016-02-29,2854.3,
2016-03-01,2952.7,
2016-03-02,2952.7,
2016-03-03,3051.1,
2016-03-04,2952.7,
2016-03-07,2952.7,
2016-03-08,3051.1,
2016-03-09,3149.5,
2016-03-10,3149.5,
2016-03-11,3149.5,
2016-03-14,3149.5,
2016-03-15,3051.1,
2016-03-16,3149.5,
2016-03-17,3346.4,
2016-03-18,3248.0,
2016-03-21,3248.0,
2016-03-22,3149.5,
2016-03-23,3248.0,
2016-03-24,3149.5,
2016-03-25,3149.5,
2016-03-28,3051.1,
2016-03-29,3149.5,
2016-03-30,3051.1,
2016-03-31,3149.5,
2016-04-01,3051.1,
2016-04-04,2952.7,
2016-04-05,3051.1,
2016-04-06,3051.1,
2016-04-07,3051.1,
2016-04-08,2854.3,
2016-04-11,2854.3,
2016-04-12,2657.4,
2016-04-13,2755.9,
2016-04-14,2854.3,
2016-04-15,2952.7,
2016-04-19,2952.7,
2016-04-20,2854.3,
2016-04-21,2952.7,
2016-04-22,2854.3,
2016-04-25,2854.3,
2016-04-26,2854.3,
2016-04-27,2854.3,
2016-04-28,2854.3,
2016-04-29,2952.7,
2016-05-04,2854.3,
2016-05-05,2755.9,
2016-05-06,2854.3,
2016-05-09,2952.7,
2016-05-10,2854.3,
2016-05-11,2755.9,
2016-05-12,2854.3,
2016-05-13,2854.3,
2016-05-16,2854.3,
2016-05-17,2854.3,
2016-05-18,2755.9,
2016-05-19,2854.3,
2016-05-20,2952.7,
2016-05-23,2952.7,
2016-05-24,2854.3,
2016-05-25,2854.3,
2016-05-26,2854.3,
2016-05-27,2755.9,
2016-05-30,2755.9,
2016-05-31,2854.3,
2016-06-01,2854.3,
2016-06-02,2952.7,
2016-06-03,2952.7,
2016-06-06,2854.3,
2016-06-07,2854.3,
2016-06-08,2952.7,
2016-06-09,2952.7,
2016-06-10,2854.3,
2016-06-13,2854.3,
2016-06-14,2854.3,
2016-06-15,2952.7,
2016-06-16,2854.3,
2016-06-17,2755.9,
2016-06-20,2854.3,
2016-06-21,2854.3,
2016-06-22,2854.3,
2016-06-23,2854.3,
2016-06-24,2755.9,
2016-06-27,2755.9,
2016-06-28,2854.3,
2016-06-29,2755.9,
2016-06-30,2755.9,
2016-07-01,2755.9,
2016-07-04,2755.9,
2016-07-05,2755.9,
2016-07-06,2755.9,
2016-07-07,2657.4,
2016-07-08,2755.9,
2016-07-11,2755.9,
2016-07-12,2657.4,
2016-07-13,2755.9,
2016-07-14,2657.4,
2016-07-15,2755.9,
2016-07-18,2755.9,
2016-07-19,2657.4,
2016-07-20,2657.4,
2016-07-21,2657.4,
2016-07-22,2657.4,
2016-07-25,2559.0,
2016-07-26,2559.0,
2016-07-27,2559.0,
2016-07-28,2559.0,
2016-07-29,2657.4,
2016-08-01,2559.0,
2016-08-02,2559.0,
2016-08-03,2460.6,
2016-08-04,2362.2,
2016-08-05,2362.2,
2016-08-08,2362.2,
2016-08-09,2460.6,
2016-08-10,2559.0,
2016-08-11,2657.4,
2016-08-12,2657.4,
2016-08-15,2559.0,
2016-08-16,2460.6,
2016-08-17,2559.0,
2016-08-18,2559.0,
2016-08-19,2460.6,
2016-08-22,2362.2,
2016-08-23,2460.6,
2016-08-24,2460.6,
2016-08-25,2460.6,
2016-08-26,2460.6,
2016-08-29,2362.2,
2016-08-30,2460.6,
2016-08-31,2460.6,
2016-09-01,2559.0,
2016-09-05,2460.6,
2016-09-06,2460.6,
2016-09-07,2559.0,
2016-09-08,2460.6,
2016-09-09,2460.6,
2016-09-12,2588.5,
2016-09-13,2549.2,
2016-09-14,2490.1,
2016-09-15,2401.5,
2016-09-16,2460.6,
2016-09-19,2490.1,
2016-09-20,2480.3,
2016-09-21,2460.6,
2016-09-22,2460.6,
2016-09-23,2460.6,
2016-09-26,2490.1,
2016-09-27,2411.4,
2016-09-28,2460.6,
2016-09-29,2440.9,
2016-09-30,2352.3,
2016-10-03,2362.2,
2016-10-04,2342.5,
2016-10-05,2362.2,
2016-10-06,2283.4,
2016-10-07,2440.9,
2016-10-10,2312.9,
2016-10-11,2322.8,
2016-10-12,2362.2,
2016-10-13,2362.2,
2016-10-14,2460.6,
2016-10-17,2362.2,
2016-10-18,2431.1,
2016-10-19,2401.5,
2016-10-20,2362.2,
2016-10-21,2362.2,
2016-10-24,2362.2,
2016-10-25,2352.3,
2016-10-26,2372.0,
2016-10-27,2362.2,
2016-10-28,2342.5,
2016-10-31,2312.9,
2016-11-01,2312.9,
2016-11-02,2263.7,
2016-11-03,2312.9,
2016-11-04,2312.9,
2016-11-07,2312.9,
2016-11-08,2263.7,
2016-11-09,2253.9,
2016-11-10,2214.5,
2016-11-11,2253.9,
2016-11-14,2214.5,
2016-11-15,2244.1,
2016-11-16,2253.9,
2016-11-17,2234.2,
2016-11-18,2204.7,
2016-11-21,2204.7,
2016-11-22,2194.8,
2016-11-23,2194.8,
2016-11-24,2194.8,
2016-11-25,2165.3,
2016-11-28,2204.7,
2016-11-29,2185.0,
2016-11-30,2145.6,
2016-12-01,2165.3,
2016-12-02,2145.6,
2016-12-05,2135.8,
2016-12-06,2106.3,
2016-12-07,2066.9,
2016-12-08,2106.3,
2016-12-09,2086.6,
2016-12-12,2057.0,
2016-12-13,2047.2,
2016-12-14,2066.9,
2016-12-15,2086.6,
2016-12-16,1978.3,
2016-12-19,2116.1,
2016-12-20,2263.7,
2016-12-21,2421.2,
2016-12-22,2588.5,
2016-12-23,2618.1,
2016-12-26,2657.4,
2016-12-27,2657.4,
2016-12-28,2480.3,
2016-12-29,2362.2,
2016-12-30,2450.7,
2017-01-03,2470.4,
2017-01-04,2381.8,
2017-01-05,2421.2,
2017-01-06,2411.4,
2017-01-09,2440.9,
2017-01-10,2509.8,
2017-01-11,2519.6,
2017-01-12,2519.6,
2017-01-13,2519.6,
2017-01-16,2500.0,
2017-01-17,2490.1,
2017-01-18,2490.1,
2017-01-19,2559.0,
2017-01-20,2588.5,
2017-01-23,2657.4,
2017-01-24,2667.3,
2017-01-25,2844.4,
2017-02-02,3041.3,
2017-02-03,3149.5,
2017-02-06,3179.1,
2017-02-07,3110.2,
2017-02-08,3120.0,
2017-02-09,3336.5,
2017-02-10,3494.0,
2017-02-13,3730.2,
2017-02-14,3730.2,
2017-02-15,3789.3,
2017-02-16,3533.4,
2017-02-17,3346.4,
2017-02-20,3326.7,
2017-02-21,3444.8,
2017-02-22,3248.0,
2017-02-23,3100.3,
2017-02-24,2903.5,
2017-02-27,3100.3,
2017-02-28,3316.9,
2017-03-01,3149.5,
2017-03-02,3149.5,
2017-03-03,3051.1,
2017-03-06,3188.9,
2017-03-07,3188.9,
2017-03-08,3159.4,
2017-03-09,3100.3,
2017-03-10,3159.4,
2017-03-13,3129.9,
2017-03-14,3139.7,
2017-03-15,3061.0,
2017-03-16,3248.0,
2017-03-17,3316.9,
2017-03-20,3444.8,
2017-03-21,3494.0,
2017-03-22,3730.2,
2017-03-23,3986.1,
2017-03-24,4261.7,
2017-03-27,3966.5,
2017-03-28,3858.2,
2017-03-29,3602.3,
2017-03-30,3828.7,
2017-03-31,3641.7,
2017-04-03,3533.4,
2017-04-04,3681.0,
2017-04-05,3661.3,
2017-04-07,3582.6,
2017-04-10,3356.2,
2017-04-11,3494.0,
2017-04-12,3435.0,
2017-04-13,3366.1,
2017-04-14,3346.4,
2017-04-17,3375.9,
2017-04-18,3356.2,
2017-04-19,3582.6,
2017-04-20,3494.0,
2017-04-21,3444.8,
2017-04-24,3425.1,
2017-04-25,3395.6,
2017-04-26,3356.2,
2017-04-27,3415.3,
2017-04-28,3395.6,
2017-05-03,3405.4,
2017-05-04,3533.4,
2017-05-05,3474.3,
2017-05-08,3425.1,
2017-05-09,3494.0,
2017-05-10,3503.9,
2017-05-11,3464.5,
2017-05-12,3395.6,
2017-05-15,3464.5,
2017-05-16,3513.7,
2017-05-17,3484.2,
2017-05-18,3395.6,
2017-05-19,3474.3,
2017-05-22,3513.7,
2017-05-23,3444.8,
2017-05-24,3435.0,
2017-05-25,3435.0,
2017-05-26,3435.0,
2017-05-29,3405.4,
2017-05-30,3366.1,
2017-05-31,3346.4,
2017-06-01,3385.8,
2017-06-02,3385.8,
2017-06-05,3336.5,
2017-06-06,3316.9,
2017-06-07,3297.2,
2017-06-08,3405.4,
2017-06-09,3326.7,
2017-06-12,3297.2,
2017-06-13,3307.0,
2017-06-14,3533.4,
2017-06-15,3592.5,
2017-06-16,3622.0,
2017-06-19,3582.6,
2017-06-20,3543.2,
2017-06-21,3494.0,
2017-06-22,3730.2,
2017-06-23,3828.7,
2017-06-26,3838.5,
2017-06-27,3700.7,
2017-06-28,3740.1,
2017-06-29,3848.4,
2017-06-30,3799.1,
2017-07-03,3730.2,
2017-07-04,3838.5,
2017-07-05,4104.3,
2017-07-06,4389.7,
2017-07-07,4104.3,
2017-07-10,3986.1,
2017-07-11,3986.1,
2017-07-12,4084.6,
2017-07-13,4192.8,
2017-07-14,4153.5,
2017-07-17,4045.2,
2017-07-18,4035.4,
2017-07-19,4310.9,
2017-07-20,4606.2,
2017-07-21,4379.8,
2017-07-24,4291.3,
2017-07-25,4360.2,
2017-07-26,4360.2,
2017-07-27,4379.8,
2017-07-28,4527.5,
2017-07-31,4684.9,
2017-08-01,5009.7,
2017-08-02,5255.8,
2017-08-03,5373.9,
2017-08-04,5610.1,
2017-08-07,5994.0,
2017-08-08,6407.4,
2017-08-09,6584.5,
2017-08-10,6131.8,
2017-08-11,5708.6,
2017-08-14,5905.4,
2017-08-15,6200.7,
2017-08-16,5856.2,
2017-08-17,5610.1,
2017-08-18,5659.3,
2017-08-21,5570.8,
2017-08-22,5334.5,
2017-08-23,5364.1,
2017-08-24,5482.2,
2017-08-25,5669.2,
2017-08-28,5610.1,
2017-08-29,5472.3,
2017-08-30,5413.3,
2017-08-31,5492.0,
2017-09-01,5531.4,
2017-09-05,5649.5,
2017-09-06,5560.9,
2017-09-07,5560.9,
2017-09-08,5482.2,
2017-09-11,5433.0,
2017-09-12,5521.5,
2017-09-13,5521.5,
2017-09-14,5807.0,
2017-09-15,5787.3,
2017-09-18,6053.0,
2017-09-19,5905.4,
2017-09-20,5974.3,
2017-09-21,5934.9,
2017-09-22,5934.9,
2017-09-25,5708.6,
2017-09-26,5856.2,
2017-09-27,5807.0,
2017-09-28,5629.8,
2017-09-29,5639.7,
2017-10-02,5590.4,
2017-10-03,5452.7,
2017-10-04,5600.3,
2017-10-05,5639.7,
2017-10-06,5600.3,
2017-10-09,5610.1,
2017-10-10,5541.2,
2017-10-11,5580.6,
2017-10-12,5580.6,
2017-10-13,5580.6,
2017-10-16,5521.5,
2017-10-17,5511.7,
2017-10-18,5413.3,
2017-10-19,5472.3,
2017-10-20,5354.2,
2017-10-23,5049.1,
2017-10-24,5019.6,
2017-10-25,5059.0,
2017-10-26,4891.6,
2017-10-27,4724.3,
2017-10-30,4596.4,
2017-10-31,4507.8,
2017-11-01,4537.3,
2017-11-02,4517.6,
2017-11-03,4527.5,
2017-11-06,4547.2,
2017-11-07,4527.5,
2017-11-08,4478.3,
2017-11-09,4438.9,
2017-11-10,4458.6,
2017-11-13,4557.0,
2017-11-14,4537.3,
2017-11-15,4547.2,
2017-11-16,4862.1,
2017-11-17,5196.8,
2017-11-20,5196.8,
2017-11-21,5157.4,
2017-11-22,5147.5,
2017-11-23,5305.0,
2017-11-24,5314.9,
2017-11-27,5492.0,
2017-11-28,5482.2,
2017-11-29,5393.6,
2017-11-30,5472.3,
2017-12-01,5413.3,
2017-12-04,5521.5,
2017-12-05,5600.3,
2017-12-06,5531.4,
2017-12-07,5560.9,
2017-12-08,5413.3,
2017-12-11,5265.6,
2017-12-12,5265.6,
2017-12-13,5246.0,
2017-12-14,5314.9,
2017-12-15,5403.4,
2017-12-18,5541.2,
2017-12-19,5442.8,
2017-12-20,5442.8,
2017-12-21,5393.6,
2017-12-22,5393.6,
2017-12-25,5275.5,
2017-12-26,5423.1,
2017-12-27,5413.3,
2017-12-28,5580.6,
2017-12-29,5964.5,
2018-01-02,6062.9,
2018-01-03,5885.7,
2018-01-04,5895.6,
2018-01-05,5807.0,
2018-01-08,5698.7,
2018-01-09,5797.1,
2018-01-10,5797.1,
2018-01-11,5747.9,
2018-01-12,5807.0,
2018-01-15,6102.2,
2018-01-16,6033.3,
2018-01-17,5767.6,
2018-01-18,5807.0,
2018-01-19,5708.6,
2018-01-22,5826.7,
2018-01-25,5925.1,
2018-01-26,5895.6,
2018-01-29,5905.4,
2018-01-30,6318.8,
2018-01-31,6200.7,
2018-02-01,5905.4,
2018-02-02,5846.3,
2018-02-05,5757.8,
2018-02-06,5413.3,
2018-02-07,5600.3,
2018-02-08,5482.2,
2018-02-09,5413.3,
2018-02-12,5501.9,
2018-02-13,5787.3,
2018-02-21,5797.1,
2018-02-22,5610.1,
2018-02-23,5620.0,
2018-02-26,5511.7,
2018-02-27,5531.4,
2018-02-28,5541.2,
2018-03-01,5610.1,
2018-03-02,5531.4,
2018-03-05,5511.7,
2018-03-06,5570.8,
2018-03-07,5708.6,
2018-03-08,5708.6,
2018-03-09,5649.5,
2018-03-12,5531.4,
2018-03-13,5531.4,
2018-03-14,5472.3,
2018-03-15,5442.8,
2018-03-16,5482.2,
2018-03-19,5462.5,
2018-03-20,5452.7,
2018-03-21,5423.1,
2018-03-22,5413.3,
2018-03-23,5314.9,
2018-03-26,5127.9,
2018-03-27,5226.3,
2018-03-28,5167.2,
2018-03-29,5118.0,
2018-03-30,5137.7,
2018-04-02,5127.9,
2018-04-03,5108.2,
2018-04-04,5098.3,
2018-04-05,5029.4,
2018-04-06,5246.0,
2018-04-09,5167.2,
2018-04-10,5118.0,
2018-04-11,5039.3,
2018-04-12,5118.0,
2018-04-13,4999.9,
2018-04-16,4999.9,
2018-04-17,4999.9,
2018-04-18,4872.0,
2018-04-19,4625.9,
2018-04-20,4773.5,
2018-04-23,4625.9,
2018-04-24,4557.0,
2018-04-26,4242.0,
2018-04-27,4291.3,
2018-05-02,4222.4,
2018-05-03,3927.1,
2018-05-04,3976.3,
2018-05-07,3986.1,
2018-05-08,3986.1,
2018-05-09,3936.9,
2018-05-10,3838.5,
2018-05-11,3936.9,
2018-05-14,3936.9,
2018-05-15,3936.9,
2018-05-16,3917.2,
2018-05-17,3838.5,
2018-05-18,3897.6,
2018-05-21,3838.5,
2018-05-22,3572.8,
2018-05-23,3572.8,
2018-05-24,3494.0,
2018-05-25,3425.1,
2018-05-28,3188.9,
2018-05-29,3228.3,
2018-05-30,3100.3,
2018-05-31,3198.8,
2018-06-01,3208.6,
2018-06-04,3425.1,
2018-06-05,3592.5,
2018-06-06,3612.1,
2018-06-07,3641.7,
2018-06-08,3562.9,
2018-06-11,3533.4,
2018-06-12,3444.8,
2018-06-13,3484.2,
2018-06-14,3346.4,
2018-06-15,3444.8,
2018-06-18,3494.0,
2018-06-19,3267.7,
2018-06-20,3435.0,
2018-06-21,3444.8,
2018-06-22,3444.8,
2018-06-25,3474.3,
2018-06-26,3444.8,
2018-06-27,3435.0,
2018-06-28,3395.6,
2018-06-29,3405.4,
2018-07-02,3346.4,
2018-07-03,3120.0,
2018-07-04,3228.3,
2018-07-05,3120.0,
2018-07-06,3228.3,
2018-07-09,3228.3,
2018-07-10,3238.1,
2018-07-11,3149.5,
2018-07-12,3100.3,
2018-07-13,3129.9,
2018-07-16,3346.4,
2018-07-17,3395.6,
2018-07-18,3543.2,
2018-07-19,3533.4,
2018-07-20,3543.2,
2018-07-23,3297.2,
2018-07-24,3484.2,
2018-07-25,3720.4,
2018-07-26,3759.8,
2018-07-27,3769.6,
2018-07-30,3887.7,
2018-07-31,3818.8,
2018-08-01,3740.1,
2018-08-02,3681.0,
2018-08-03,3720.4,
2018-08-06,3838.5,
2018-08-07,3749.9,
2018-08-08,3789.3,
2018-08-09,3917.2,
2018-08-10,3917.2,
2018-08-13,3907.4,
2018-08-14,3858.2,
2018-08-15,3730.2,
2018-08-16,3720.4,
2018-08-17,3740.1,
2018-08-20,3681.0,
2018-08-21,3740.1,
2018-08-22,3700.7,
2018-08-23,3671.2,
2018-08-24,3671.2,
2018-08-27,3631.8,
2018-08-28,3651.5,
2018-08-29,3631.8,
2018-08-30,3671.2,
2018-08-31,3671.2,
2018-09-04,3641.7,
2018-09-05,3572.8,
2018-09-06,3553.1,
2018-09-07,3503.9,
2018-09-10,3543.2,
2018-09-11,3562.9,
2018-09-12,3572.8,
2018-09-13,3602.3,
2018-09-14,3543.2,
2018-09-17,3513.7,
2018-09-18,3523.6,
2018-09-19,3523.6,
2018-09-20,3533.4,
2018-09-21,3740.1,
2018-09-24,3789.3,
2018-09-25,3858.2,
2018-09-26,3789.3,
2018-09-27,3779.5,
2018-09-28,3897.6,
2018-10-01,3936.9,
2018-10-02,3887.7,
2018-10-03,3838.5,
2018-10-04,3789.3,
2018-10-05,3740.1,
2018-10-08,3700.7,
2018-10-09,3651.5,
2018-10-10,3641.7,
2018-10-11,3395.6,
2018-10-12,3444.8,
2018-10-15,3484.2,
2018-10-16,3572.8,
2018-10-17,3592.5,
2018-10-18,3533.4,
2018-10-19,3494.0,
2018-10-22,3494.0,
2018-10-23,3385.8,
2018-10-24,3336.5,
2018-10-25,3238.1,
2018-10-26,3228.3,
2018-10-29,3228.3,
2018-10-30,3218.4,
2018-10-31,3277.5,
2018-11-01,3248.0,
2018-11-02,3316.9,
2018-11-05,3248.0,
2018-11-06,3287.3,
2018-11-07,3287.3,
2018-11-08,3277.5,
2018-11-09,3287.3,
2018-11-12,3277.5,
2018-11-13,3248.0,
2018-11-14,3238.1,
2018-11-15,3179.1,
2018-11-16,3208.6,
2018-11-19,3208.6,
2018-11-20,3208.6,
2018-11-21,3228.3,
2018-11-22,3198.8,
2018-11-23,3228.3,
2018-11-26,3248.0,
2018-11-27,3248.0,
2018-11-28,3267.7,
2018-11-29,3277.5,
2018-11-30,3287.3,
2018-12-03,3346.4,
2018-12-04,3346.4,
2018-12-05,3366.1,
2018-12-06,3336.5,
2018-12-07,3385.8,
2018-12-10,3375.9,
2018-12-11,3356.2,
2018-12-12,3356.2,
2018-12-13,3336.5,
2018-12-14,3297.2,
2018-12-17,3297.2,
2018-12-18,3228.3,
2018-12-19,3228.3,
2018-12-20,3277.5,
2018-12-21,3248.0,
2018-12-24,3169.2,
2018-12-25,3070.8,
2018-12-26,3267.7,
2018-12-27,3375.9,
2018-12-28,3366.1,
2019-01-02,3326.7,
2019-01-03,3297.2,
2019-01-04,3248.0,
2019-01-07,3346.4,
2019-01-08,3346.4,
2019-01-09,3297.2,
2019-01-10,3366.1,
2019-01-11,3356.2,
2019-01-14,3375.9,
2019-01-15,3415.3,
2019-01-16,3444.8,
2019-01-17,3395.6,
2019-01-18,3326.7,
2019-01-21,3385.8,
2019-01-22,3346.4,
2019-01-23,3336.5,
2019-01-24,3297.2,
2019-01-25,3336.5,
2019-01-28,3385.8,
2019-01-29,3395.6,
2019-01-30,3346.4,
2019-01-31,3395.6,
2019-02-01,3415.3,
2019-02-11,3444.8,
2019-02-12,3454.7,
2019-02-13,3444.8,
2019-02-14,3454.7,
2019-02-15,3444.8,
2019-02-18,3454.7,
2019-02-19,3454.7,
2019-02-20,3454.7,
2019-02-21,3444.8,
2019-02-22,3435.0,
2019-02-25,3395.6,
2019-02-26,3425.1,
2019-02-27,3444.8,
2019-02-28,3395.6,
2019-03-01,3444.8,
2019-03-04,3435.0,
2019-03-05,3474.3,
2019-03-06,3503.9,
2019-03-07,3582.6,
2019-03-08,3523.6,
2019-03-11,3513.7,
2019-03-12,3513.7,
2019-03-13,3523.6,
2019-03-14,3494.0,
2019-03-15,3494.0,
2019-03-18,3730.2,
2019-03-19,3986.1,
2019-03-20,4153.5,
2019-03-21,3897.6,
2019-03-22,3927.1,
2019-03-25,4133.8,
2019-03-26,4094.4,
2019-03-27,4035.4,
2019-03-28,4015.7,
2019-03-29,4035.4,
2019-04-01,3956.6,
2019-04-02,3936.9,
2019-04-03,3838.5,
2019-04-04,3887.7,
2019-04-05,3877.9,
2019-04-08,3887.7,
2019-04-09,3887.7,
2019-04-10,3877.9,
2019-04-11,3877.9,
2019-04-12,4143.6,
2019-04-16,4035.4,
2019-04-17,4045.2,
2019-04-18,3946.8,
2019-04-19,4015.7,
2019-04-22,3917.2,
2019-04-23,3917.2,
2019-04-24,3897.6,
2019-04-25,3877.9,
2019-04-26,3838.5,
2019-05-02,3740.1,
2019-05-03,3730.2,
2019-05-06,3631.8,
2019-05-07,3553.1,
2019-05-08,3612.1,
2019-05-09,3503.9,
2019-05-10,3631.8,
2019-05-13,3602.3,
2019-05-14,3641.7,
2019-05-15,3641.7,
2019-05-16,3612.1,
2019-05-17,3572.8,
2019-05-20,3720.4,
2019-05-21,3651.5,
2019-05-22,3651.5,
2019-05-23,3671.2,
2019-05-24,3622.0,
2019-05-27,3592.5,
2019-05-28,3582.6,
2019-05-29,3562.9,
2019-05-30,3533.4,
2019-05-31,3533.4,
2019-06-03,3513.7,
2019-06-04,3484.2,
2019-06-05,3533.4,
2019-06-06,3533.4,
2019-06-07,3553.1,
2019-06-10,3543.2,
2019-06-11,3582.6,
2019-06-12,3828.7,
2019-06-13,3730.2,
2019-06-14,3759.8,
2019-06-17,3759.8,
2019-06-18,3818.8,
2019-06-19,3838.5,
2019-06-20,3877.9,
2019-06-21,3897.6,
2019-06-24,3740.1,
2019-06-25,3730.2,
2019-06-26,3789.3,
2019-06-27,3818.8,
2019-06-28,3828.7,
2019-07-01,3936.9,
2019-07-02,3976.3,
2019-07-03,3936.9,
2019-07-04,4035.4,
2019-07-05,4045.2,
2019-07-08,4045.2,
2019-07-09,4074.7,
2019-07-10,4025.5,
2019-07-11,4055.0,
2019-07-12,4212.5,
2019-07-15,4232.2,
2019-07-16,4133.8,
2019-07-17,4055.0,
2019-07-18,4015.7,
2019-07-19,4084.6,
2019-07-22,4094.4,
2019-07-23,4202.7,
2019-07-24,4242.0,
2019-07-25,4291.3,
2019-07-26,4261.7,
2019-07-29,4183.0,
2019-07-30,4094.4,
2019-07-31,4163.3,
2019-08-01,4183.0,
2019-08-02,4074.7,
2019-08-05,4123.9,
2019-08-06,4035.4,
2019-08-07,4133.8,
2019-08-08,4123.9,
2019-08-09,4123.9,
2019-08-12,4094.4,
2019-08-13,4084.6,
2019-08-14,4251.9,
2019-08-15,4232.2,
2019-08-16,4330.6,
2019-08-19,4625.9,
2019-08-20,4803.1,
2019-08-21,4803.1,
2019-08-22,4753.8,
2019-08-23,4724.3,
2019-08-26,4921.2,
2019-08-27,5068.8,
2019-08-28,5108.2,
2019-08-29,4881.8,
2019-08-30,4921.2,
2019-09-03,4714.5,
2019-09-04,4852.3,
2019-09-05,4832.6,
2019-09-06,4822.7,
2019-09-09,4822.7,
2019-09-10,4822.7,
2019-09-11,4704.6,
2019-09-12,4704.6,
2019-09-13,4753.8,
2019-09-16,4616.1,
2019-09-17,4527.5,
2019-09-18,4458.6,
2019-09-19,4517.6,
2019-09-20,4419.2,
2019-09-23,4212.5,
2019-09-24,4183.0,
2019-09-25,4143.6,
2019-09-26,4350.3,
2019-09-27,4360.2,
2019-09-30,4478.3,
2019-10-01,4429.0,
2019-10-02,4360.2,
2019-10-03,4320.8,
2019-10-04,4310.9,
2019-10-07,4320.8,
2019-10-08,4281.4,
2019-10-09,4281.4,
2019-10-10,4261.7,
2019-10-11,4222.4,
2019-10-14,4202.7,
2019-10-15,4202.7,
2019-10-16,4212.5,
2019-10-17,4183.0,
2019-10-18,4222.4,
2019-10-21,4143.6,
2019-10-22,4163.3,
2019-10-23,4163.3,
2019-10-24,4163.3,
2019-10-25,4271.6,
2019-10-28,4232.2,
2019-10-29,4163.3,
2019-10-30,4153.5,
2019-10-31,4143.6,
2019-11-01,4143.6,
2019-11-04,4153.5,
2019-11-05,4133.8,
2019-11-06,4133.8,
2019-11-07,4064.9,
2019-11-08,4064.9,
2019-11-11,4084.6,
2019-11-12,4094.4,
2019-11-13,4045.2,
2019-11-14,4064.9,
2019-11-15,4015.7,
2019-11-18,4025.5,
2019-11-19,4035.4,
2019-11-20,4055.0,
2019-11-21,4035.4,
2019-11-22,3936.9,
2019-11-25,3838.5,
2019-11-26,3927.1,
2019-11-27,3779.5,
2019-11-28,3720.4,
2019-11-29,3700.7,
2019-12-02,3641.7,
2019-12-03,3582.6,
2019-12-04,3494.0,
2019-12-05,3523.6,
2019-12-06,3513.7,
2019-12-09,3523.6,
2019-12-10,3444.8,
2019-12-11,3425.1,
2019-12-12,3366.1,
2019-12-13,3346.4,
2019-12-16,3326.7,
2019-12-17,3346.4,
2019-12-18,3346.4,
2019-12-19,3415.3,
2019-12-20,3375.9,
2019-12-23,3346.4,
2019-12-24,3356.2,
2019-12-25,3375.9,
2019-12-26,3366.1,
2019-12-27,3356.2,
2019-12-30,3307.0,
2019-12-31,3533.4,
2020-01-02,3454.7,
2020-01-03,3523.6,
2020-01-06,3425.1,
2020-01-07,3415.3,
2020-01-08,3366.1,
2020-01-09,3385.8,
2020-01-10,3395.6,
2020-01-13,3198.8,
2020-01-14,3336.5,
2020-01-15,3346.4,
2020-01-16,3356.2,
2020-01-17,3356.2,
2020-01-20,3356.2,
2020-01-21,3346.4,
2020-01-22,3543.2,
2020-01-30,3356.2,
2020-01-31,3346.4,
2020-02-03,3248.0,
2020-02-04,3297.2,
2020-02-05,3316.9,
2020-02-06,3316.9,
2020-02-07,3346.4,
2020-02-10,3297.2,
2020-02-11,3257.8,
2020-02-12,3257.8,
2020-02-13,3248.0,
2020-02-14,3238.1,
2020-02-17,3287.3,
2020-02-18,3248.0,
2020-02-19,3257.8,
2020-02-20,3435.0,
2020-02-21,3356.2,
2020-02-24,3257.8,
2020-02-25,3267.7,
2020-02-26,3248.0,
2020-02-27,3257.8,
2020-02-28,3198.8,
2020-03-02,3248.0,
2020-03-03,3277.5,
2020-03-04,3346.4,
2020-03-05,3326.7,
2020-03-06,3316.9,
2020-03-09,3090.5,
2020-03-10,3120.0,
2020-03-11,3021.6,
2020-03-12,2814.9,
2020-03-13,2824.7,
2020-03-16,2805.1,
2020-03-17,2814.9,
2020-03-18,2893.6,
2020-03-19,2834.6,
2020-03-20,2785.4,
2020-03-23,2598.4,
2020-03-24,2559.0,
2020-03-25,2657.4,
2020-03-26,2480.3,
2020-03-27,2470.4,
2020-03-30,2303.1,
2020-03-31,2165.3,
2020-04-01,2303.1,
2020-04-03,2372.0,
2020-04-06,2529.5,
2020-04-07,2519.6,
2020-04-08,2460.6,
2020-04-09,2509.8,
2020-04-10,2559.0,
2020-04-13,2736.2,
2020-04-14,2834.6,
2020-04-15,2834.6,
2020-04-16,2755.9,
2020-04-17,2844.4,
2020-04-20,2854.3,
2020-04-21,2746.0,
2020-04-22,2795.2,
2020-04-23,2775.5,
2020-04-24,2824.7,
2020-04-27,2785.4,
2020-04-28,2785.4,
2020-04-29,2755.9,
2020-05-04,2726.3,
2020-05-05,2755.9,
2020-05-06,2834.6,
2020-05-07,2844.4,
2020-05-08,2962.5,
2020-05-11,3100.3,
2020-05-12,3169.2,
2020-05-13,3248.0,
2020-05-14,3444.8,
2020-05-15,3218.4,
2020-05-18,3395.6,
2020-05-19,3375.9,
2020-05-20,3307.0,
2020-05-21,3257.8,
2020-05-22,3257.8,
2020-05-25,3248.0,
2020-05-26,3326.7,
2020-05-27,3277.5,
2020-05-28,3248.0,
2020-05-29,3346.4,
2020-06-01,3494.0,
2020-06-02,3405.4,
2020-06-03,3425.1,
2020-06-04,3484.2,
2020-06-05,3484.2,
2020-06-08,3720.4,
2020-06-09,3976.3,
2020-06-10,4173.1,
2020-06-11,3887.7,
2020-06-12,3622.0,
2020-06-15,3592.5,
2020-06-16,3690.9,
2020-06-17,3631.8,
2020-06-18,3543.2,
2020-06-19,3661.3,
2020-06-22,3622.0,
2020-06-23,3749.9,
2020-06-24,3769.6,
2020-06-25,3661.3,
2020-06-26,3641.7,
2020-06-29,3395.6,
2020-06-30,3425.1,
2020-07-01,3553.1,
2020-07-02,3513.7,
2020-07-03,3474.3,
2020-07-06,3543.2,
2020-07-07,3454.7,
2020-07-08,3503.9,
2020-07-09,3543.2,
2020-07-10,3513.7,
2020-07-13,3523.6,
2020-07-14,3503.9,
2020-07-15,3503.9,
2020-07-16,3513.7,
2020-07-17,3523.6,
2020-07-20,3572.8,
2020-07-21,3612.1,
2020-07-22,3582.6,
2020-07-23,3474.3,
2020-07-24,3248.0,
2020-07-27,3021.6,
2020-07-28,3120.0,
2020-07-29,2952.7,
2020-07-30,3051.1,
2020-07-31,3021.6,
2020-08-03,3120.0,
2020-08-04,3120.0,
2020-08-05,3179.1,
2020-08-06,3395.6,
2020-08-07,3425.1,
2020-08-10,3405.4,
2020-08-11,3356.2,
2020-08-12,3356.2,
2020-08-13,3395.6,
2020-08-14,3375.9,
2020-08-17,3375.9,
2020-08-18,3375.9,
2020-08-19,3425.1,
2020-08-20,3543.2,
2020-08-21,3592.5,
2020-08-24,3602.3,
2020-08-25,3622.0,
2020-08-26,3759.8,
2020-08-27,3759.8,
2020-08-28,3887.7,
2020-08-31,3740.1,
2020-09-01,3740.1,
2020-09-03,3868.0,
2020-09-04,3976.3,
2020-09-07,4035.4,
2020-09-08,4035.4,
2020-09-09,4094.4,
2020-09-10,4350.3,
2020-09-11,4557.0,
2020-09-14,4645.6,
2020-09-15,4576.7,
2020-09-16,4596.4,
2020-09-17,4842.4,
2020-09-18,4940.8,
2020-09-21,4872.0,
2020-09-22,4773.5,
2020-09-23,4783.4,
2020-09-24,4734.2,
2020-09-25,4734.2,
2020-09-28,5009.7,
2020-09-29,4999.9,
2020-09-30,5029.4,
2020-10-01,5118.0,
2020-10-02,5019.6,
2020-10-05,5127.9,
2020-10-06,5078.6,
2020-10-07,5039.3,
2020-10-08,5019.6,
2020-10-09,5108.2,
2020-10-12,5019.6,
2020-10-13,5019.6,
2020-10-14,4940.8,
2020-10-15,4999.9,
2020-10-16,4960.5,
2020-10-19,4999.9,
2020-10-20,4940.8,
2020-10-21,4940.8,
2020-10-22,4881.8,
2020-10-23,4872.0,
2020-10-26,4773.5,
2020-10-27,4576.7,
2020-10-28,4379.8,
2020-10-29,4419.2,
2020-10-30,4419.2,
2020-11-02,4419.2,
2020-11-03,4448.7,
2020-11-04,4645.6,
2020-11-05,4586.5,
2020-11-06,4517.6,
2020-11-09,4616.1,
2020-11-10,4793.2,
2020-11-11,4793.2,
2020-11-12,4803.1,
2020-11-13,4803.1,
2020-11-16,5137.7,
2020-11-17,5364.1,
2020-11-18,5305.0,
2020-11-19,5177.1,
2020-11-20,5088.5,
2020-11-23,5196.8,
2020-11-24,5167.2,
2020-11-25,5118.0,
2020-11-26,5137.7,
2020-11-27,5492.0,
2020-11-30,5560.9,
2020-12-01,5944.8,
2020-12-02,6102.2,
2020-12-03,6003.8,
2020-12-04,6003.8,
2020-12-07,6417.2,
2020-12-08,6860.1,
2020-12-09,7332.5,
2020-12-10,7677.0,
2020-12-11,7696.7,
2020-12-14,8228.2,
2020-12-15,8267.6,
2020-12-16,8169.1,
2020-12-17,8051.0,
2020-12-18,8208.5,
2020-12-21,8769.5,
2020-12-22,8917.2,
2020-12-23,8533.3,
2020-12-24,8169.1,
2020-12-25,8562.8,
2020-12-28,8562.8,
2020-12-29,8415.2,
2020-12-30,8257.7,
2020-12-31,8464.4,
2021-01-04,8740.0,
2021-01-05,9350.2,
2021-01-06,9990.0,
2021-01-07,10678.9,
2021-01-08,11367.9,
2021-01-11,11318.7,
2021-01-12,11072.6,
2021-01-13,10875.8,
2021-01-14,11613.9,
2021-01-15,12401.3,
2021-01-18,13237.9,
2021-01-19,12352.1,
2021-01-20,11515.5,
2021-01-21,12302.9,
2021-01-22,12155.3,
2021-01-25,11810.8,
2021-01-26,11072.6,
2021-01-27,10334.4,
2021-01-28,9616.0,
2021-01-29,9714.4,
2021-02-01,9035.3,
2021-02-02,8858.1,
2021-02-03,9478.2,
2021-02-04,10137.6,
2021-02-05,10826.6,
2021-02-08,11318.7,
2021-02-09,11466.3,
2021-02-17,11712.4,
2021-02-18,11318.7,
2021-02-19,11171.0,
2021-02-22,11220.3,
2021-02-23,11171.0,
2021-02-24,11171.0,
2021-02-25,11171.0,
2021-02-26,11121.8,
2021-03-01,11663.2,
2021-03-02,11564.7,
2021-03-03,11564.7,
2021-03-04,12007.6,
2021-03-05,12007.6,
2021-03-08,12155.3,
2021-03-09,11909.2,
2021-03-10,12007.6,
2021-03-11,12795.0,
2021-03-12,12598.2,
2021-03-15,12352.1,
2021-03-16,12056.9,
2021-03-17,12106.1,
2021-03-18,12253.7,
2021-03-19,12302.9,
2021-03-22,12106.1,
2021-03-23,11810.8,
2021-03-24,11417.1,
2021-03-25,11220.3,
2021-03-26,11072.6,
2021-03-29,11564.7,
2021-03-30,11613.9,
2021-03-31,11564.7,
2021-04-01,12302.9,
2021-04-02,12106.1,
2021-04-05,12204.5,
2021-04-06,11958.4,
2021-04-07,12155.3,
2021-04-08,12106.1,
2021-04-09,12056.9,
2021-04-12,12401.3,
2021-04-13,12302.9,
2021-04-14,12401.3,
2021-04-15,12007.6,
2021-04-16,11564.7,
2021-04-19,11810.8,
2021-04-20,11466.3,
2021-04-22,10925.0,
2021-04-23,11318.7,
2021-04-26,10974.2,
2021-04-27,10728.1,
2021-04-28,10826.6,
2021-04-29,10629.7,
2021-05-04,10334.4,
2021-05-05,11023.4,
2021-05-06,10826.6,
2021-05-07,10580.5,
2021-05-10,10925.0,
2021-05-11,10875.8,
2021-05-12,10875.8,
2021-05-13,10826.6,
2021-05-14,10826.6,
2021-05-17,10728.1,
2021-05-18,10678.9,
2021-05-19,10580.5,
2021-05-20,11121.8,
2021-05-21,11220.3,
2021-05-24,11121.8,
2021-05-25,11367.9,
2021-05-26,11515.5,
2021-05-27,11269.5,
2021-05-28,11712.4,
2021-05-31,12499.8,
2021-06-01,13287.1,
2021-06-02,13336.4,
2021-06-03,14222.2,
2021-06-04,14763.5,
2021-06-07,13779.3,
2021-06-08,12844.2,
2021-06-09,13336.4,
2021-06-10,12893.5,
2021-06-11,13041.1,
2021-06-14,13730.1,
2021-06-15,13680.8,
2021-06-16,13287.1,
2021-06-17,13287.1,
2021-06-18,13336.4,
2021-06-21,13041.1,
2021-06-22,13090.3,
2021-06-23,13237.9,
2021-06-24,13237.9,
2021-06-25,13976.1,
2021-06-28,13779.3,
2021-06-29,13926.9,
2021-06-30,13582.4,
2021-07-01,14517.4,
2021-07-02,15501.7,
2021-07-05,15944.6,14177.6220703125
2021-07-06,14861.9,14044.2060546875
2021-07-07,14517.4,13911.7958984375
2021-07-08,14271.4,13788.580078125
2021-07-09,13287.1,13672.9052734375
2021-07-12,12401.3,13574.759765625
2021-07-13,12598.2,13486.9697265625
2021-07-14,12106.1,13414.1328125
2021-07-15,12893.5,13348.4033203125
2021-07-16,12549.0,13267.3330078125
2021-07-19,11712.4,13176.744140625
2021-07-20,12499.8,13072.6708984375
2021-07-21,12204.5,12930.8974609375
2021-07-22,12302.9,12767.34375
2021-07-23,12007.6,12581.4462890625
2021-07-26,11958.4,12370.5546875
2021-07-27,12106.1,12148.453125
2021-07-28,12106.1,11925.6904296875
2021-07-29,12942.7,11692.3369140625
2021-07-30,13090.3,11480.087890625
2021-08-02,13090.3,11300.3125
2021-08-03,13779.3,11150.416015625
2021-08-04,13976.1,11048.158203125
2021-08-05,14173.0,10999.0341796875
2021-08-06,13828.5,11008.3095703125
2021-08-09,14173.0,11075.583984375
2021-08-10,14173.0,11201.5087890625
2021-08-11,13976.1,11380.734375
2021-08-12,13779.3,11607.6328125
2021-08-13,14074.5,11858.8818359375
2021-08-16,15058.8,12136.4873046875
2021-08-17,14665.1,12436.990234375
2021-08-18,14763.5,12743.4365234375
2021-08-19,15698.5,13051.1572265625
2021-08-20,15846.2,13365.029296875
2021-08-23,16928.8,13665.3623046875
2021-08-24,16043.0,13946.736328125
2021-08-25,16239.8,14212.8837890625
2021-08-26,15895.4,14485.3818359375
2021-08-27,16338.3,14747.1923828125
2021-08-30,16535.1,15010.6474609375
2021-08-31,16239.8,15310.6650390625
2021-09-01,16485.9,15640.361328125
2021-09-06,17617.8,15963.94921875
2021-09-07,17174.9,16298.5615234375
2021-09-08,16879.6,16625.677734375
2021-09-09,17027.2,16927.921875
2021-09-10,16879.6,17211.83984375
2021-09-13,16485.9,17472.7421875
2021-09-14,15993.8,17690.22265625
2021-09-15,16239.8,17850.3359375
2021-09-16,16190.6,17948.005859375
2021-09-17,16830.4,17966.70703125
2021-09-20,16732.0,17900.052734375
2021-09-21,16387.5,17751.375
2021-09-22,16732.0,17509.259765625
2021-09-23,16732.0,17206.576171875
2021-09-24,16535.1,16849.8046875
2021-09-27,15747.7,16469.12890625
2021-09-28,16190.6,16048.7919921875
2021-09-29,16043.0,15609.830078125
2021-09-30,15944.6,15186.5869140625
2021-10-01,15796.9,14832.1806640625
2021-10-04,15600.1,14526.4423828125
2021-10-05,16633.5,14266.5927734375
2021-10-06,16485.9,14072.123046875
2021-10-07,16535.1,13935.744140625
2021-10-08,16436.7,13825.3408203125
2021-10-11,16781.2,13761.30859375
2021-10-12,17174.9,13707.4462890625
2021-10-13,16928.8,13700.31640625
2021-10-14,17224.1,13753.7734375
2021-10-15,17224.1,13817.1865234375
2021-10-18,16830.4,13927.248046875
2021-10-19,16682.7,14069.3427734375
2021-10-20,16633.5,14254.3173828125
2021-10-21,16633.5,14469.208984375
2021-10-22,16436.7,14702.2705078125
2021-10-25,16535.1,14952.986328125
2021-10-26,16584.3,15185.421875
2021-10-27,16928.8,15420.5078125
2021-10-28,17174.9,15657.822265625
2021-10-29,17224.1,15868.0390625
2021-11-01,18208.3,16067.8837890625
2021-11-02,18749.6,16257.458984375
2021-11-03,17913.0,16457.916015625
2021-11-04,18995.7,16645.474609375
2021-11-05,18897.3,16837.447265625
2021-11-08,19438.6,17043.896484375
2021-11-09,19044.9,17267.84765625
2021-11-10,19094.1,17496.83203125
2021-11-11,19094.1,17716.12109375
2021-11-12,20422.8,17967.181640625
2021-11-15,21850.0,18234.369140625
2021-11-16,22686.6,18499.484375
2021-11-17,23720.0,18787.771484375
2021-11-18,25344.0,19081.50390625
2021-11-19,24605.8,19436.7421875
2021-11-22,23621.6,19829.068359375
2021-11-23,25245.6,20271.87890625
2021-11-24,25885.3,20746.44140625
2021-11-25,26377.4,21258.923828125
2021-11-26,25639.3,21817.615234375
2021-11-29,26525.1,22400.65625
2021-11-30,27263.3,22977.21484375
2021-12-01,27263.3,23575.80859375
2021-12-02,26672.7,24177.58984375
2021-12-03,24851.9,24752.61328125
2021-12-06,23129.5,25287.396484375
2021-12-07,24113.7,25762.185546875
2021-12-08,24162.9,26153.97265625
2021-12-09,24605.8,26414.7578125
2021-12-10,24015.3,26538.8984375
2021-12-13,24310.6,26492.599609375
2021-12-14,24015.3,26304.48046875
2021-12-15,23523.2,25992.953125
2021-12-16,23031.1,25549.2734375
2021-12-17,24212.1,25011.080078125
2021-12-20,24605.8,24414.201171875
2021-12-21,24015.3,23805.294921875
2021-12-22,23621.6,23171.431640625
2021-12-23,22538.9,22555.755859375
2021-12-24,22932.6,21971.208984375
2021-12-27,22834.2,21427.5234375
2021-12-28,22637.4,20928.328125
2021-12-29,23621.6,20452.47265625
2021-12-30,25245.6,20020.455078125
2021-12-31,25097.9,19628.609375
2022-01-04,25097.9,19280.4609375
2022-01-05,24802.7,18971.994140625
2022-01-06,24458.2,18706.75
2022-01-07,24704.2,18499.67578125
2022-01-10,23621.6,18345.5859375
2022-01-11,23227.9,18251.03515625
2022-01-12,24113.7,18221.09375
2022-01-13,23277.1,18248.271484375
2022-01-14,23129.5,18324.931640625
2022-01-17,21554.7,18442.978515625
2022-01-18,20078.4,18594.603515625
2022-01-19,20668.9,18759.595703125
2022-01-20,21161.0,18925.095703125
2022-01-21,20816.5,19075.39453125
2022-01-24,19389.4,19202.666015625
2022-01-25,18897.3,19298.384765625
2022-01-26,18552.8,19343.986328125
2022-01-27,18700.4,19338.2109375
2022-01-28,18798.9,19283.345703125
2022-02-07,19881.5,19161.634765625
2022-02-08,19930.7,18983.9609375
2022-02-09,20373.6,18754.236328125
2022-02-10,20275.2,18488.484375
2022-02-11,20275.2,18199.48828125
2022-02-14,19487.8,17904.95703125
2022-02-15,19586.2,17618.271484375
2022-02-16,19783.1,17356.94921875
2022-02-17,20029.1,17136.80859375
2022-02-18,20373.6,16966.384765625
2022-02-21,21111.8,16850.103515625
2022-02-22,20521.3,16801.845703125
2022-02-23,20816.5,16818.83984375
2022-02-24,20275.2,16885.43359375
2022-02-25,20964.2,17006.09375
2022-02-28,20767.3,17179.169921875
2022-03-01,20964.2,17406.74609375
2022-03-02,20718.1,17673.716796875
2022-03-03,21111.8,17978.2578125
2022-03-04,21505.5,18320.908203125
2022-03-07,21161.0,18699.521484375
2022-03-08,20915.0,19115.294921875
2022-03-09,20865.7,19556.65625
2022-03-10,20964.2,19988.796875
2022-03-11,20373.6,20416.23828125
2022-03-14,19537.0,20826.177734375
2022-03-15,19635.4,21219.10546875
2022-03-16,19733.9,21571.29296875
2022-03-17,19979.9,21878.18359375
2022-03-18,19979.9,22129.689453125
2022-03-21,20176.8,22313.953125
2022-03-22,20324.4,22403.384765625
2022-03-23,20373.6,22407.544921875
2022-03-24,20176.8,22337.853515625
2022-03-25,19303.0,22191.908203125
2022-03-28,18971.0,21980.3203125
2022-03-29,19065.9,21688.568359375
2022-03-30,18876.2,21334.22265625
2022-03-31,18828.7,20930.0703125
2022-04-01,18971.0,20475.576171875
2022-04-04,20299.0,19982.921875
2022-04-05,19729.9,19497.921875
2022-04-06,19682.4,19034.005859375
2022-04-07,19160.7,18608.240234375
2022-04-08,18733.9,18229.166015625
2022-04-12,17548.2,17893.337890625
2022-04-13,18022.5,17616.341796875
2022-04-14,17737.9,17383.4140625
2022-04-15,17026.5,17174.220703125
2022-04-18,15840.8,17005.537109375
2022-04-19,14844.8,16856.83203125
2022-04-20,14797.4,16734.921875
2022-04-21,14797.4,16623.47265625
2022-04-22,14702.5,16481.6328125
2022-04-25,13706.6,16305.8466796875
2022-04-26,14038.5,16103.33984375
2022-04-27,14323.1,15887.013671875
2022-04-28,14418.0,15641.666015625
2022-04-29,14512.8,15370.4736328125
2022-05-04,14180.8,15075.9794921875
2022-05-05,14038.5,14771.8740234375
2022-05-06,13090.0,14458.708984375
2022-05-09,12188.9,14164.6611328125
2022-05-10,12805.4,13890.9892578125
2022-05-11,12663.2,13650.9853515625
2022-05-12,11809.5,13444.615234375
2022-05-13,11003.2,13280.4267578125
2022-05-16,11098.0,13138.1337890625
2022-05-17,11856.9,13009.9873046875
2022-05-18,11999.2,12890.0654296875
2022-05-19,11999.2,12772.6279296875
2022-05-20,12046.6,12649.1162109375
2022-05-23,11572.3,12538.4013671875
2022-05-24,11667.2,12424.5947265625
2022-05-25,12141.4,12320.4775390625
2022-05-26,12473.4,12209.439453125
2022-05-27,12426.0,12109.0859375
2022-05-30,12615.7,12017.4736328125
2022-05-31,12378.6,11945.154296875
2022-06-01,12283.7,11887.0078125
2022-06-02,12046.6,11846.5810546875
2022-06-03,11762.0,11834.423828125
2022-06-06,11667.2,11847.6943359375
2022-06-07,11382.6,11881.314453125
2022-06-08,11762.0,11929.5224609375
2022-06-09,12141.4,11995.7314453125
2022-06-10,11667.2,12077.556640625
2022-06-13,10860.9,12159.498046875
2022-06-14,10386.6,12235.982421875
2022-06-15,9675.2,12299.2490234375
2022-06-16,9675.2,12344.255859375
2022-06-17,9001.7,12362.1220703125
2022-06-20,8375.7,12346.1611328125
2022-06-21,8157.5,12290.271484375
2022-06-22,8650.8,12190.95703125
2022-06-23,8726.7,12051.4521484375
2022-06-24,9049.2,11867.34765625
2022-06-27,9485.5,11639.6005859375
2022-06-28,9438.1,11378.9287109375
2022-06-29,9466.5,11094.619140625
2022-06-30,8925.9,10797.046875
2022-07-01,9295.8,10487.806640625
2022-07-04,9864.9,10193.234375
2022-07-05,9627.8,9919.2373046875
2022-07-06,9295.8,9677.6865234375
2022-07-07,9153.5,9472.4267578125
2022-07-08,9485.5,9311.9599609375
2022-07-11,9390.7,9180.5966796875
2022-07-12,9675.2,9083.138671875
2022-07-13,9675.2,9020.53515625
2022-07-14,10339.2,8993.4140625
2022-07-15,10291.8,8996.3671875
2022-07-18,10339.2,9016.0224609375
2022-07-19,10102.1,9049.3173828125
2022-07-20,10339.2,9094.75390625
2022-07-21,10291.8,9159.2353515625
2022-07-22,10149.5,9227.2431640625
2022-07-25,10149.5,9298.6162109375
2022-07-26,9959.8,9374.5537109375
2022-07-27,10291.8,9454.0458984375
2022-07-28,10623.8,9539.5087890625
2022-07-29,10623.8,9629.06640625
2022-08-01,11287.8,9726.888671875
2022-08-02,11287.8,9832.6884765625
2022-08-03,11382.6,9940.349609375
2022-08-04,11382.6,10056.1416015625
2022-08-05,11762.0,10184.3408203125
2022-08-08,11572.3,10325.908203125
2022-08-09,11572.3,10478.0419921875
2022-08-10,11477.5,10638.43359375
2022-08-11,11335.2,10808.1181640625
2022-08-12,11477.5,10984.779296875
2022-08-15,11667.2,11164.6708984375
2022-08-16,11619.7,11345.701171875
2022-08-17,11572.3,11521.4384765625
2022-08-18,11667.2,11685.84375
2022-08-19,11809.5,11835.361328125
2022-08-22,12236.3,11968.453125
2022-08-23,12805.4,12082.6005859375
2022-08-24,12710.6,12180.556640625
2022-08-25,12805.4,12263.3349609375
2022-08-26,12473.4,12334.400390625
2022-08-29,12094.0,12396.5595703125
2022-08-30,11904.3,12450.6494140625
2022-08-31,12046.6,12498.6240234375
2022-09-05,11904.3,12537.568359375
2022-09-06,11904.3,12567.259765625
2022-09-07,11192.9,12591.107421875
2022-09-08,11003.2,12607.4951171875
2022-09-09,11003.2,12610.4716796875
2022-09-12,11050.6,12597.2412109375
2022-09-13,11098.0,12559.947265625
2022-09-14,11382.6,12500.263671875
2022-09-15,11240.3,12417.4130859375
2022-09-16,10813.5,12309.3837890625
2022-09-19,10102.1,12172.2177734375
2022-09-20,10291.8,12010.9931640625
2022-09-21,10339.2,11826.853515625
2022-09-22,10528.9,11623.1689453125
2022-09-23,10339.2,11410.1796875
2022-09-26,9675.2,11192.8837890625
2022-09-27,9675.2,10981.58203125
2022-09-28,9675.2,10770.7568359375
2022-09-29,9295.8,10562.1494140625
2022-09-30,9295.8,10367.298828125
2022-10-03,8650.8,10188.5693359375
2022-10-04,8252.4,10023.0263671875
2022-10-05,8726.7,9863.25
2022-10-06,8366.2,9713.1826171875
2022-10-07,7787.6,9566.1533203125
2022-10-10,7967.8,9422.8203125
2022-10-11,7417.7,9273.43359375
2022-10-12,7588.4,9124.416015625
2022-10-13,7607.4,8972.8359375
2022-10-14,7787.6,8820.8046875
2022-10-17,7910.9,8663.353515625
2022-10-18,8062.7,8505.453125
2022-10-19,7967.8,8350.5810546875
2022-10-20,7825.5,8200.2880859375
2022-10-21,7303.8,8059.41796875
2022-10-24,6801.1,7925.5390625
2022-10-25,6658.8,7800.36865234375
2022-10-26,6658.8,7686.93896484375
2022-10-27,7123.6,7579.9453125
2022-10-28,7209.0,7484.244140625
2022-10-31,7237.4,7398.23046875
2022-11-01,7503.0,7321.4921875
2022-11-02,7493.5,7251.6435546875
2022-11-03,7190.0,7191.4091796875
2022-11-04,6829.6,7138.861328125
2022-11-07,6564.0,7093.0703125
2022-11-08,6687.3,7052.43115234375
2022-11-09,6649.3,7014.54541015625
2022-11-10,6184.6,6978.14990234375
2022-11-11,6203.5,6942.14794921875
2022-11-14,5871.5,6904.888671875
2022-11-15,5463.7,6864.05078125
2022-11-16,5843.1,6817.3193359375
2022-11-17,6184.6,6763.12451171875
2022-11-18,6440.7,6701.5546875
2022-11-21,6478.6,6635.15380859375
2022-11-22,6611.4,6565.35009765625
2022-11-23,6497.6,6495.15087890625
2022-11-24,6383.7,6426.916015625
2022-11-25,6829.6,6362.69287109375
2022-11-28,7303.8,6305.23046875
2022-11-29,7588.4,6258.2294921875
2022-11-30,7683.3,6225.03515625
2022-12-01,7721.2,6208.91748046875
2022-12-02,8233.4,6211.75048828125
2022-12-05,8584.4,6235.689453125
2022-12-06,7986.8,6282.5673828125
2022-12-07,7446.1,6352.109375
2022-12-08,7958.3,6442.00146484375
2022-12-09,7967.8,6550.06298828125
2022-12-12,7759.1,6672.94384765625
2022-12-13,8110.1,6806.21533203125
2022-12-14,8062.7,6945.43798828125
2022-12-15,8091.1,7086.45849609375
2022-12-16,8119.6,7225.3818359375
2022-12-19,8157.5,7358.947265625
2022-12-20,7759.1,7484.4814453125
2022-12-21,7303.8,7599.07763671875
2022-12-22,7351.3,7699.98681640625
2022-12-23,7398.7,7785.27978515625
2022-12-26,6924.4,7853.66064453125
2022-12-27,7275.4,7903.79541015625
2022-12-28,7305.2,7935.58251953125
2022-12-29,7228.1,7949.64599609375
2022-12-30,7228.1,7947.4228515625
2023-01-03,7710.0,7930.736328125
2023-01-04,7710.0,7902.63720703125
2023-01-05,7710.0,7866.69091796875
2023-01-06,7710.0,7826.36474609375
2023-01-09,7642.5,7785.22216796875
2023-01-10,7517.2,7746.28564453125
2023-01-11,7748.5,7711.84375
2023-01-12,7700.3,7683.9013671875
2023-01-13,7758.2,7663.6630859375
2023-01-16,7710.0,7651.65771484375
2023-01-17,7941.3,7647.73095703125
2023-01-18,7941.3,7651.435546875
2023-01-19,8085.8,7661.7822265625
2023-01-27,8143.7,7677.94384765625
2023-01-30,8153.3,7699.00341796875
2023-01-31,8191.8,7724.41845703125
2023-02-01,7912.4,7753.54833984375
2023-02-02,7796.7,7785.1728515625
2023-02-03,7767.8,7818.10986328125
2023-02-06,7787.1,7851.05029296875
2023-02-07,7700.3,7882.62353515625
2023-02-08,7758.2,7911.37744140625
2023-02-09,7710.0,7936.17138671875
2023-02-10,7584.7,7956.23095703125
2023-02-13,7083.5,7970.8251953125
2023-02-14,7257.0,7978.37255859375
2023-02-15,7420.8,7978.125
2023-02-16,7526.9,7969.78076171875
2023-02-17,7517.2,7953.56640625
2023-02-20,7989.5,7930.34228515625
2023-02-21,7902.7,7902.2255859375
2023-02-22,7613.6,7871.42578125
2023-02-23,7613.6,7839.74169921875
2023-02-24,7469.0,7808.97802734375
2023-02-27,7420.8,7780.35009765625
2023-02-28,7430.5,7754.57763671875
2023-03-01,7613.6,7732.14453125
2023-03-02,7565.4,7713.5166015625
2023-03-03,7440.1,7698.68896484375
2023-03-06,7517.2,7687.109375
2023-03-07,7517.2,7678.05078125
2023-03-08,7575.0,7670.8837890625
2023-03-09,7661.8,7665.20654296875
2023-03-10,7584.7,7660.380859375
2023-03-13,7478.7,7655.52099609375
2023-03-14,7324.5,7650.33447265625
2023-03-15,7835.3,7644.21875
2023-03-16,7806.3,7637.45849609375
2023-03-17,7796.7,7630.75048828125
2023-03-20,7613.6,7624.7724609375
2023-03-21,7738.9,7619.98486328125
2023-03-22,7719.6,7617.07275390625
2023-03-23,7835.3,7616.63037109375
2023-03-24,7902.7,7619.16650390625
2023-03-27,8249.7,7625.056640625
2023-03-28,8191.8,7635.34765625
2023-03-29,8375.0,7650.83837890625
2023-03-30,8577.3,7672.22412109375
2023-03-31,9049.6,7700.63720703125
2023-04-03,9377.2,7737.716796875
2023-04-04,9541.1,7785.3564453125
2023-04-05,9733.8,7845.40625
2023-04-06,9252.0,7919.84521484375
2023-04-07,9685.6,8009.0107421875
2023-04-10,9733.8,8113.3525390625
2023-04-11,9733.8,8232.5537109375
2023-04-12,9444.7,8365.529296875
2023-04-13,9232.7,8509.875
2023-04-14,9155.6,8662.26953125
2023-04-17,9425.4,8818.5791015625
2023-04-18,9733.8,8974.8603515625
2023-04-19,10408.5,9127.650390625
2023-04-20,10553.0,9275.2119140625
2023-04-21,11275.8,9416.6259765625
2023-04-24,11661.3,9553.212890625
2023-04-25,10890.3,9687.7900390625
2023-04-26,11372.2,9822.32421875
2023-04-27,11131.3,9959.9140625
2023-04-28,11083.1,10102.7998046875
2023-05-04,11854.1,10252.5908203125
2023-05-05,11709.5,10411.5185546875
2023-05-08,11757.7,10580.646484375
2023-05-09,11757.7,10760.1123046875
2023-05-10,11709.5,10949.056640625
2023-05-11,11661.3,11145.4541015625
2023-05-12,11998.6,11346.2919921875
2023-05-15,11854.1,11548.0146484375
2023-05-16,11805.9,11746.6123046875
2023-05-17,11709.5,11937.7607421875
2023-05-18,11950.5,12116.96484375
2023-05-19,12046.8,12279.9912109375
2023-05-22,12095.0,12424.091796875
2023-05-23,11998.6,12547.119140625
2023-05-24,12576.9,12647.146484375
2023-05-25,12239.6,12724.7529296875
2023-05-26,12239.6,12780.5810546875
2023-05-29,12528.7,12816.0673828125
2023-05-30,12673.3,12833.498046875
2023-05-31,12528.7,12836.572265625
2023-06-01,12528.7,12828.634765625
2023-06-02,12625.1,12812.181640625
2023-06-05,12625.1,12790.16796875
2023-06-06,12866.0,12764.6337890625
2023-06-07,12769.6,12737.533203125
2023-06-08,12095.0,12710.826171875
2023-06-09,12335.9,12684.119140625
2023-06-12,12143.2,12656.912109375
2023-06-13,12335.9,12623.93359375
2023-06-14,12239.6,12586.5107421875
2023-06-15,12143.2,12542.9501953125
2023-06-16,12384.1,12493.0888671875
2023-06-19,12432.3,12434.25390625
2023-06-20,12625.1,12368.025390625
2023-06-21,13492.4,12294.8974609375
2023-06-22,13781.6,12219.5498046875
2023-06-23,14408.0,12144.8662109375
2023-06-26,14456.2,12082.787109375
2023-06-27,14359.8,12038.5888671875
2023-06-28,14215.3,12019.39453125
2023-06-29,13492.4,12027.810546875
2023-06-30,13637.0,12068.431640625
2023-07-03,13685.2,12143.9365234375
2023-07-04,14456.2,12251.8720703125
2023-07-05,14118.9,12398.982421875
2023-07-06,14118.9,12565.994140625
2023-07-07,14263.4,12752.376953125
2023-07-10,14504.4,12951.64453125
2023-07-11,14408.0,13161.630859375
2023-07-12,14600.8,13373.71484375
2023-07-13,14648.9,13579.1181640625
2023-07-14,14648.9,13766.0244140625
2023-07-17,14745.3,13930.2265625
2023-07-18,14552.6,14062.658203125
2023-07-19,14408.0,14174.2490234375
2023-07-20,14456.2,14252.8154296875
2023-07-21,15034.4,14307.37109375
2023-07-24,15082.6,14364.953125
2023-07-25,14841.7,14398.9296875
2023-07-26,14745.3,14428.1025390625
2023-07-27,14600.8,14449.091796875
2023-07-28,14986.3,14444.2890625
2023-07-31,15034.4,14437.7314453125
2023-08-01,14648.9,14425.3505859375
2023-08-02,14697.1,14408.1279296875
2023-08-03,14841.7,14386.673828125
2023-08-04,15082.6,14360.4140625
2023-08-07,15564.5,14319.6533203125
2023-08-08,15371.7,14279.4912109375
2023-08-09,15082.6,14238.814453125
2023-08-10,14986.3,14200.5556640625
2023-08-11,15419.9,14157.2607421875
2023-08-14,15901.8,14116.8134765625
2023-08-15,15660.9,14084.916015625
2023-08-16,15612.7,14069.1455078125
2023-08-17,15805.4,14053.7392578125
2023-08-18,14745.3,14068.9970703125
2023-08-21,14456.2,14103.3779296875
2023-08-22,14648.9,14146.3720703125
2023-08-23,14456.2,14199.5654296875
2023-08-24,14889.9,14266.275390625
2023-08-25,15130.8,14336.6376953125
2023-08-28,15468.1,14403.3955078125
2023-08-29,15901.8,14466.607421875
2023-08-30,16672.8,14518.177734375
2023-08-31,16721.0,14571.005859375
2023-09-05,16721.0,14645.431640625
2023-09-06,17106.5,14716.052734375
2023-09-07,17154.7,14803.2587890625
2023-09-08,17058.3,14901.1416015625
2023-09-11,17251.1,15024.5888671875
2023-09-12,18455.7,15177.2939453125
2023-09-13,18503.9,15353.892578125
2023-09-14,18985.8,15564.2373046875
2023-09-15,18552.1,15806.5283203125
2023-09-18,18696.7,16062.0546875
2023-09-19,18696.7,16347.51953125
2023-09-20,19564.0,16648.470703125
2023-09-21,18648.5,16977.673828125
2023-09-22,17347.4,17330.146484375
2023-09-25,16142.7,17693.291015625
2023-09-26,15612.7,18065.9765625
2023-09-27,16672.8,18397.70703125
2023-09-28,16961.9,18673.25
2023-09-29,16721.0,18855.83203125
2023-10-02,17106.5,18968.646484375
2023-10-03,15950.0,18992.69921875
2023-10-04,16500.0,18919.970703125
2023-10-05,15800.0,18751.359375
2023-10-06,16100.0,18503.525390625
2023-10-09,16300.0,18179.890625
2023-10-10,16550.0,17800.42578125
2023-10-11,17500.0,17384.451171875
2023-10-12,17300.0,16950.4765625
2023-10-13,16950.0,16526.0625
2023-10-16,16700.0,16126.958984375
2023-10-17,15550.0,15762.7255859375
2023-10-18,14950.0,15430.3349609375
2023-10-19,13950.0,15147.7880859375
2023-10-20,14600.0,14918.7744140625
2023-10-23,14000.0,14732.7978515625
2023-10-24,14300.0,14581.142578125
2023-10-25,14100.0,14439.6181640625
2023-10-26,13150.0,14307.978515625
2023-10-27,13100.0,14187.3544921875
2023-10-30,12500.0,14056.001953125
2023-10-31,11750.0,13904.8125
2023-11-01,12550.0,13726.748046875
2023-11-02,13400.0,13515.5859375
2023-11-03,13450.0,13298.583984375
2023-11-06,13700.0,13086.310546875
2023-11-07,13550.0,12882.6220703125
2023-11-08,14450.0,12683.21875
2023-11-09,14950.0,12502.0439453125
2023-11-10,14900.0,12374.10546875
2023-11-13,14800.0,12302.6591796875
2023-11-14,14950.0,12287.869140625
2023-11-15,15000.0,12365.9326171875
2023-11-16,15450.0,12512.4716796875
2023-11-17,15000.0,12713.0009765625
2023-11-20,15500.0,12971.767578125
2023-11-21,15650.0,13267.2060546875
2023-11-22,15900.0,13596.625
2023-11-23,14800.0,13949.4560546875
2023-11-24,15500.0,14312.5888671875
2023-11-27,15150.0,14669.349609375
2023-11-28,15400.0,15023.9072265625
2023-11-29,15600.0,15366.7177734375
2023-11-30,15400.0,15682.1572265625
2023-12-01,15650.0,15970.443359375
2023-12-04,16650.0,16230.005859375
2023-12-05,16600.0,16455.8203125
2023-12-06,16800.0,16634.435546875
2023-12-07,16350.0,16792.513671875
2023-12-08,16050.0,16928.623046875
2023-12-11,16050.0,17062.783203125
2023-12-12,15950.0,17188.71875
2023-12-13,15800.0,17310.40625
2023-12-14,15850.0,17414.46484375
2023-12-15,15900.0,17524.3671875
2023-12-18,15700.0,17636.8515625
2023-12-19,15950.0,17737.86328125
2023-12-20,16100.0,17806.2734375
2023-12-21,16050.0,17816.37109375
2023-12-22,15950.0,17773.671875
2023-12-25,15900.0,17680.095703125
2023-12-26,16000.0,17527.2890625
2023-12-27,16200.0,17334.84765625
2023-12-28,16100.0,17087.72265625
2023-12-29,16050.0,16811.783203125
2024-01-02,15900.0,16505.474609375
2024-01-03,16050.0,16184.8623046875
2024-01-04,16300.0,15864.462890625
2024-01-05,16400.0,15545.6982421875
2024-01-08,17000.0,15263.9072265625
2024-01-09,16850.0,15032.953125
2024-01-10,16550.0,14856.4619140625
2024-01-11,16800.0,14762.453125
2024-01-12,16600.0,14732.6748046875
2024-01-15,16200.0,14775.54296875
2024-01-16,16500.0,14831.8271484375
2024-01-17,16600.0,14938.8466796875
2024-01-18,16500.0,15059.15234375
2024-01-19,16450.0,15204.2265625
2024-01-22,16700.0,15392.390625
2024-01-23,16600.0,15582.9736328125
2024-01-24,16600.0,15789.42578125
2024-01-25,16600.0,16008.806640625
2024-01-26,16600.0,16181.888671875
2024-01-29,16500.0,16310.6240234375
2024-01-30,16550.0,16424.455078125
2024-01-31,16400.0,16517.103515625
2024-02-01,16850.0,16601.9296875
2024-02-02,17200.0,16648.794921875
2024-02-05,17250.0,16676.9375
2024-02-06,17350.0,16707.134765625
2024-02-07,17350.0,16743.13671875
2024-02-15,17300.0,16780.029296875
2024-02-16,17300.0,16823.09375
2024-02-19,17200.0,16863.095703125
2024-02-20,17500.0,16925.451171875
2024-02-21,17400.0,16982.9453125
2024-02-22,17150.0,17045.3046875
2024-02-23,16550.0,17107.7421875
2024-02-26,17300.0,17201.1640625
2024-02-27,17400.0,17271.298828125
2024-02-28,17300.0,17344.45703125
2024-02-29,17450.0,17401.353515625
2024-03-01,18100.0,17442.607421875
2024-03-04,18100.0,17479.283203125
2024-03-05,18800.0,17501.359375
2024-03-06,19100.0,17495.837890625
2024-03-07,20400.0,17497.548828125
2024-03-08,21000.0,17508.662109375
2024-03-11,21200.0,17557.341796875
2024-03-12,20900.0,17648.744140625
2024-03-13,21800.0,17782.3671875
2024-03-14,21350.0,17968.90234375
2024-03-15,21500.0,18213.40234375
2024-03-18,20150.0,18510.33203125
2024-03-19,20250.0,18853.310546875
2024-03-20,20750.0,19237.98046875
2024-03-21,20800.0,19636.638671875
2024-03-22,21100.0,20035.66015625
2024-03-25,20750.0,20422.87109375
2024-03-26,21100.0,20780.470703125
2024-03-27,21200.0,21089.63671875
2024-03-28,22650.0,21332.083984375
2024-03-29,22300.0,21498.83984375
2024-04-01,22150.0,21597.205078125
2024-04-02,22300.0,21628.046875
2024-04-03,21800.0,21601.142578125
2024-04-04,21300.0,21517.37109375
2024-04-05,20500.0,21385.203125
2024-04-08,20250.0,21218.37890625
2024-04-09,21050.0,21010.662109375
2024-04-10,20700.0,20790.95703125
2024-04-11,20950.0,20566.810546875
2024-04-12,21650.0,20325.064453125
2024-04-15,20150.0,20082.70703125
2024-04-16,20500.0,19843.994140625
2024-04-17,19650.0,19588.359375
2024-04-19,18300.0,19320.767578125
2024-04-22,19000.0,19041.80078125
2024-04-23,17700.0,18746.271484375
2024-04-24,18500.0,18422.39453125
2024-04-25,18200.0,18077.82421875
2024-04-26,18000.0,17710.3515625
2024-05-02,17550.0,17322.93359375
2024-05-03,17800.0,16920.41015625
2024-05-06,18650.0,16512.330078125
2024-05-07,18550.0,16107.0458984375
2024-05-08,18850.0,15720.994140625
2024-05-09,18650.0,15357.990234375
2024-05-10,18900.0,15034.7099609375
2024-05-13,19100.0,14768.9296875
2024-05-14,19050.0,14570.1279296875
2024-05-15,19650.0,14447.1943359375
2024-05-16,19700.0,14406.025390625
2024-05-17,20100.0,14448.087890625
2024-05-20,20100.0,14574.7861328125
2024-05-21,20200.0,14777.978515625
2024-05-22,20450.0,15058.7392578125
2024-05-23,20550.0,15412.1357421875
2024-05-24,19650.0,15834.2861328125
2024-05-27,,16293.255859375
2024-05-28,,16780.447265625
2024-05-29,,17277.45703125
2024-05-30,,17758.05078125
2024-05-31,,18193.9296875
2024-06-03,,18580.11328125
2024-06-04,,18892.44140625
2024-06-05,,19133.0546875
2024-06-06,,19286.68359375
2024-06-07,,19374.783203125
2024-06-10,,19415.291015625
2024-06-11,,19428.548828125
2024-06-12,,19408.7890625
2024-06-13,,19392.033203125
2024-06-14,,19377.92578125
2024-06-17,,19394.912109375
2024-06-18,,19421.005859375
2024-06-19,,19452.59375
2024-06-20,,19495.357421875
2024-06-21,,19541.548828125
2024-06-24,,19594.306640625
2024-06-25,,19636.505859375
2024-06-26,,19666.14453125
2024-06-27,,19659.474609375
2024-06-28,,19641.376953125
2024-07-01,,19605.29296875
2024-07-02,,19545.671875
2024-07-03,,19475.62890625
2024-07-04,,19397.68359375
2024-07-05,,19320.66796875
2024-07-08,,19237.955078125
2024-07-09,,19136.359375
2024-07-10,,19043.8203125
2024-07-11,,18951.79296875
2024-07-12,,18853.921875
2024-07-15,,18794.935546875
2024-07-16,,18732.044921875
2024-07-17,,18688.3828125
2024-07-18,,18668.255859375
2024-07-19,,18619.986328125
2024-07-22,,18584.75
2024-07-23,,18511.23828125
2024-07-24,,18424.25390625
2024-07-25,,18320.42578125
2024-07-26,,18205.07421875
2024-07-29,,18065.55078125
2024-07-30,,17896.42578125
2024-07-31,,17723.505859375
2024-08-01,,17543.591796875
2024-08-02,,17370.927734375
2024-08-05,,17200.373046875
2024-08-06,,17036.66015625
2024-08-07,,16886.583984375
2024-08-08,,16739.625
2024-08-09,,16606.88671875
2024-08-12,,16480.91796875
2024-08-13,,16367.9208984375
2024-08-14,,16263.6025390625
2024-08-15,,16162.8642578125
2024-08-16,,16067.19921875
2024-08-19,,15996.796875
2024-08-20,,16000.8505859375
2024-08-21,,15986.2080078125
2024-08-22,,15957.3544921875
2024-08-23,,15919.5712890625
2024-08-26,,15878.4169921875
2024-08-27,,15838.8408203125
2024-08-28,,15805.3134765625
2024-08-29,,15781.1845703125
2024-08-30,,15769.0224609375
2024-09-02,,15770.009765625
2024-09-03,,15784.255859375
2024-09-04,,15810.958984375
2024-09-05,,15849.181640625
2024-09-06,,15897.1904296875
2024-09-09,,15953.40625
2024-09-10,,16015.9716796875
2024-09-11,,16083.8564453125
2024-09-12,,16156.47265625
2024-09-13,,16233.453125
2024-09-16,,16314.8740234375
2024-09-17,,16400.93359375
2024-09-18,,16492.259765625
2024-09-19,,16589.482421875
2024-09-20,,16693.537109375
2024-09-23,,16804.673828125
2024-09-24,,16923.033203125
2024-09-25,,17048.603515625
2024-09-26,,17180.8828125
2024-09-27,,17319.08984375
2024-09-30,,17462.134765625
2024-10-01,,17608.916015625
2024-10-02,,17758.474609375
2024-10-03,,17909.310546875
2024-10-04,,18060.109375
2024-10-07,,18209.720703125
2024-10-08,,18356.373046875
2024-10-09,,18499.181640625
2024-10-10,,18636.990234375
2024-10-11,,18768.736328125
2024-10-14,,18894.21484375
2024-10-15,,19012.564453125
2024-10-16,,19123.669921875
2024-10-17,,19226.90625
2024-10-18,,19321.611328125
2024-10-21,,19406.935546875
2024-10-22,,19482.169921875
2024-10-23,,19546.61328125
2024-10-24,,19599.1171875
2024-10-25,,19638.626953125
2024-10-28,,19663.931640625
2024-10-29,,19674.0625
2024-10-30,,19668.130859375
2024-10-31,,19645.345703125
2024-11-01,,19605.384765625
2024-11-04,,19547.94921875
2024-11-05,,19473.169921875
2024-11-06,,19381.271484375
2024-11-07,,19272.78515625
2024-11-08,,19148.548828125
2024-11-11,,19009.466796875
2024-11-12,,18855.953125
2024-11-13,,18687.203125
2024-11-14,,18505.1953125
2024-11-15,,18311.673828125
2024-11-18,,18108.140625
2024-11-19,,17895.859375
2024-11-20,,17675.91796875
2024-11-21,,17449.291015625
2024-11-22,,17216.939453125
2024-11-25,,16979.84375
2024-11-26,,16739.076171875
2024-11-27,,16495.86328125
2024-11-28,,16251.580078125
2024-11-29,,16007.7353515625
2024-12-02,,15765.970703125
2024-12-03,,15528.0361328125
2024-12-04,,15295.736328125
2024-12-05,,15070.89453125
2024-12-06,,14855.2900390625
2024-12-09,,14650.6337890625
2024-12-10,,14458.509765625
2024-12-11,,14280.3193359375
2024-12-12,,14117.2275390625
2024-12-13,,13970.126953125
2024-12-16,,13839.5791015625
2024-12-17,,13725.7861328125
2024-12-18,,13628.6298828125
2024-12-19,,13547.6298828125
2024-12-20,,13482.04296875
2024-12-23,,13430.8857421875
2024-12-24,,13393.0361328125
2024-12-25,,13367.29296875
2024-12-26,,13352.45703125
2024-12-27,,13347.39453125
2024-12-30,,13351.0810546875
2024-12-31,,13362.6298828125
2025-01-01,,13381.3212890625
2025-01-02,,13406.5693359375
2025-01-03,,13437.9306640625
2025-01-06,,13475.0673828125
2025-01-07,,13517.7236328125
2025-01-08,,13565.7119140625
2025-01-09,,13618.8857421875
2025-01-10,,13677.130859375
2025-01-13,,13740.3505859375
2025-01-14,,13808.478515625
2025-01-15,,13881.44921875
2025-01-16,,13959.2099609375
2025-01-17,,14041.7158203125
2025-01-20,,14128.9306640625
2025-01-21,,14220.8173828125
2025-01-22,,14317.326171875
2025-01-23,,14418.392578125
2025-01-24,,14523.91796875
2025-01-27,,14633.7578125
2025-01-28,,14747.7060546875
2025-01-29,,14865.48046875
2025-01-30,,14986.70703125
2025-01-31,,15110.900390625
2025-02-03,,15237.4638671875
2025-02-04,,15365.67578125
2025-02-05,,15494.6845703125
2025-02-06,,15623.5595703125
2025-02-07,,15751.2138671875
2025-02-10,,15876.4716796875
2025-02-11,,15998.068359375
2025-02-12,,16114.7001953125
2025-02-13,,16225.068359375
2025-02-14,,16327.931640625
2025-02-17,,16422.162109375
2025-02-18,,16506.80078125
2025-02-19,,16581.09765625
2025-02-20,,16644.53125
2025-02-21,,16696.822265625
2025-02-24,,16737.884765625
2025-02-25,,16767.791015625
2025-02-26,,16786.712890625
2025-02-27,,16794.86328125
2025-02-28,,16792.443359375
2025-03-03,,16779.61328125
2025-03-04,,16756.4765625
2025-03-05,,16723.10546875
2025-03-06,,16679.556640625
2025-03-07,,16625.90625
2025-03-10,,16562.29296875
2025-03-11,,16488.9453125
2025-03-12,,16406.21875
2025-03-13,,16314.60546875
2025-03-14,,16214.7333984375
2025-03-17,,16107.375
2025-03-18,,15993.41796875
2025-03-19,,15873.83203125
2025-03-20,,15749.669921875
2025-03-21,,15622.0107421875
2025-03-24,,15491.9521484375
2025-03-25,,15360.5732421875
2025-03-26,,15228.9482421875
2025-03-27,,15098.0927734375
2025-03-28,,14969.0009765625
2025-03-31,,14842.6015625
2025-04-01,,14719.8056640625
2025-04-02,,14601.453125
2025-04-03,,14488.341796875
2025-04-04,,14381.2138671875
2025-04-07,,14280.751953125
2025-04-08,,14187.548828125
2025-04-09,,14102.1240234375
2025-04-10,,14024.8828125
2025-04-11,,13956.1376953125
2025-04-14,,13896.0771484375
2025-04-15,,13844.779296875
2025-04-16,,13802.2021484375
2025-04-17,,13768.2138671875
2025-04-18,,13742.5810546875
2025-04-21,,13725.0029296875
2025-04-22,,13715.1201171875
2025-04-23,,13712.544921875
2025-04-24,,13716.8759765625
2025-04-25,,13727.708984375
2025-04-28,,13744.6669921875
2025-04-29,,13767.3916015625
2025-04-30,,13795.5712890625
2025-05-01,,13828.9326171875
2025-05-02,,13867.248046875
2025-05-05,,13910.322265625
2025-05-06,,13958.0068359375
2025-05-07,,14010.16796875
2025-05-08,,14066.697265625
2025-05-09,,14127.5078125
2025-05-12,,14192.5048828125
2025-05-13,,14261.59765625
2025-05-14,,14334.673828125
2025-05-15,,14411.619140625
2025-05-16,,14492.2783203125
2025-05-19,,14576.478515625
2025-05-20,,14663.9990234375
2025-05-21,,14754.58984375
2025-05-22,,14847.9619140625
2025-05-23,,14943.77734375
2025-05-26,,15041.6591796875
2025-05-27,,15141.1806640625
2025-05-28,,15241.869140625
2025-05-29,,15343.2099609375
2025-05-30,,15444.642578125
2025-06-02,,15545.560546875
2025-06-03,,15645.328125
2025-06-04,,15743.271484375
2025-06-05,,15838.697265625
2025-06-06,,15930.900390625
2025-06-09,,16019.1845703125
2025-06-10,,16102.86328125
2025-06-11,,16181.29296875
2025-06-12,,16253.86328125
2025-06-13,,16320.04296875
2025-06-16,,16379.357421875
2025-06-17,,16431.40625
2025-06-18,,16475.875
2025-06-19,,16512.5234375
2025-06-20,,16541.173828125
2025-06-23,,16561.716796875
2025-06-24,,16574.103515625
2025-06-25,,16578.328125
2025-06-26,,16574.427734375
2025-06-27,,16562.48828125
2025-06-30,,16542.6328125
2025-07-01,,16515.02734375
2025-07-02,,16479.88671875
2025-07-03,,16437.48046875
2025-07-04,,16388.109375
2025-07-07,,16332.1591796875
2025-07-08,,16270.0556640625
2025-07-09,,16202.2900390625
2025-07-10,,16129.400390625
2025-07-11,,16051.9873046875
2025-07-14,,15970.669921875
2025-07-15,,15886.1298828125
2025-07-16,,15799.05859375
2025-07-17,,15710.1728515625
2025-07-18,,15620.1953125
2025-07-21,,15529.8525390625
2025-07-22,,15439.865234375
2025-07-23,,15350.94140625
2025-07-24,,15263.7705078125
2025-07-25,,15179.0185546875
2025-07-28,,15097.3154296875
2025-07-29,,15019.2626953125
2025-07-30,,14945.4111328125
2025-07-31,,14876.271484375
2025-08-01,,14812.2978515625
2025-08-04,,14753.88671875
2025-08-05,,14701.375
2025-08-06,,14655.0361328125
2025-08-07,,14615.078125
2025-08-08,,14581.646484375
2025-08-11,,14554.8271484375
2025-08-12,,14534.64453125
2025-08-13,,14521.076171875
2025-08-14,,14514.046875
2025-08-15,,14513.4541015625
2025-08-18,,14519.1572265625
2025-08-19,,14530.9990234375
2025-08-20,,14548.8046875
2025-08-21,,14572.39453125
2025-08-22,,14601.5810546875
2025-08-25,,14636.1806640625
2025-08-26,,14676.0224609375
2025-08-27,,14720.9267578125
2025-08-28,,14770.7353515625
2025-08-29,,14825.2890625
2025-09-01,,14884.4365234375
2025-09-02,,14948.0185546875
2025-09-03,,15015.892578125
2025-09-04,,15087.8955078125
2025-09-05,,15163.86328125
2025-09-08,,15243.6162109375
2025-09-09,,15326.9541015625
2025-09-10,,15413.66796875
2025-09-11,,15503.509765625
2025-09-12,,15596.2119140625
2025-09-15,,15691.4775390625
2025-09-16,,15788.9736328125
2025-09-17,,15888.333984375
2025-09-18,,15989.15625
2025-09-19,,16091.0029296875
2025-09-22,,16193.4072265625
2025-09-23,,16295.8515625
2025-09-24,,16397.806640625
2025-09-25,,16498.69921875
2025-09-26,,16597.939453125
2025-09-29,,16694.9140625
2025-09-30,,16789.01171875
2025-10-01,,16879.58984375
2025-10-02,,16966.037109375
2025-10-03,,17047.744140625
2025-10-06,,17124.115234375
2025-10-07,,17194.591796875
2025-10-08,,17258.65625
2025-10-09,,17315.83203125
2025-10-10,,17365.68359375
2025-10-13,,17407.84765625
2025-10-14,,17442.0078125
2025-10-15,,17467.904296875
2025-10-16,,17485.34765625
2025-10-17,,17494.1953125
2025-10-20,,17494.37890625
2025-10-21,,17485.875
2025-10-22,,17468.724609375
2025-10-23,,17443.029296875
2025-10-24,,17408.935546875
2025-10-27,,17366.65234375
2025-10-28,,17316.44140625
2025-10-29,,17258.625
2025-10-30,,17193.56640625
2025-10-31,,17121.689453125
2025-11-03,,17043.46484375
2025-11-04,,16959.419921875
2025-11-05,,16870.111328125
2025-11-06,,16776.15234375
2025-11-07,,16678.181640625
2025-11-10,,16576.884765625
2025-11-11,,16472.962890625
2025-11-12,,16367.1552734375
2025-11-13,,16260.2021484375
2025-11-14,,16152.8818359375
2025-11-17,,16045.9541015625
2025-11-18,,15940.1962890625
2025-11-19,,15836.369140625
2025-11-20,,15735.2255859375
2025-11-21,,15637.501953125
2025-11-24,,15543.8876953125
2025-11-25,,15455.0478515625
2025-11-26,,15371.5927734375
2025-11-27,,15294.0751953125
2025-11-28,,15222.9892578125
2025-12-01,,15158.7568359375
2025-12-02,,15101.724609375
2025-12-03,,15052.162109375
2025-12-04,,15010.2646484375
2025-12-05,,14976.1474609375
2025-12-08,,14949.8544921875
2025-12-09,,14931.3740234375
2025-12-10,,14920.6318359375
2025-12-11,,14917.50390625
2025-12-12,,14921.833984375
2025-12-15,,14933.435546875
2025-12-16,,14952.099609375
2025-12-17,,14977.6240234375
2025-12-18,,15009.779296875
2025-12-19,,15048.3525390625
2025-12-22,,15093.1435546875
2025-12-23,,15143.9423828125
2025-12-24,,15200.5576171875
2025-12-25,,15262.810546875
2025-12-26,,15330.51953125
2025-12-29,,15403.5166015625
2025-12-30,,15481.62109375
2025-12-31,,15564.6572265625
